date,open,close,high,low,volume
2019-01-02,21.47,21.1,21.71,21.02,19102.64
2019-01-03,20.98,20.71,21.39,20.65,20747.84
2019-01-04,20.43,21.34,21.46,20.09,27289.87
2019-01-07,21.59,22.3,22.83,21.47,49422.29
2019-01-08,21.9,21.81,22.25,21.68,27684.07
2019-01-09,21.81,21.87,22.54,21.28,39615.86
2019-01-10,21.53,21.52,21.99,21.47,21617.75
2019-01-11,21.47,21.74,21.86,21.47,15386.09
2019-01-14,21.86,20.48,21.94,20.44,38159.31
2019-01-15,20.4,21.23,21.28,20.4,30391.47
2019-01-16,21.74,21.34,21.96,21.23,26161.85
2019-01-17,21.68,21.18,22.15,21.08,34108.04
2019-01-18,21.18,21.24,21.46,20.68,29154.77
2019-01-21,21.23,22.03,22.04,20.8,43766.26
2019-01-22,21.72,21.5,21.9,21.25,29662.88
2019-01-23,21.49,21.23,21.52,21.05,19028.88
2019-01-24,21.21,22.24,22.98,21.15,78962.2
2019-01-25,22.11,22.08,22.7,21.84,54612.42
2019-01-28,22.4,22.15,22.75,22.08,30549.0
2019-01-29,21.9,21.26,21.93,21.01,33636.57
2019-01-30,21.38,20.81,21.6,20.7,22704.0
2019-01-31,20.59,20.57,21.31,20.48,22364.3
2019-02-01,20.72,21.28,21.36,20.51,22345.66
2019-02-11,21.46,22.48,22.49,21.18,37934.8
2019-02-12,22.61,22.83,23.26,22.24,52975.97
2019-02-13,22.76,24.37,24.65,22.71,73572.39
2019-02-14,24.08,24.35,24.44,23.9,47835.0
2019-02-15,24.19,24.45,25.45,24.07,38718.68
2019-02-18,24.72,25.68,25.86,24.5,42291.77
2019-02-19,26.44,25.72,26.51,24.66,47948.76
2019-02-20,25.31,25.19,25.61,24.77,27909.33
2019-02-21,25.52,25.48,26.26,25.21,46430.99
2019-02-22,25.29,27.66,27.95,25.29,53744.8
2019-02-25,29.09,29.68,30.38,28.46,91085.97
2019-02-26,29.46,30.04,31.4,28.88,75018.11
2019-02-27,29.82,28.71,30.33,28.35,68303.51
2019-02-28,28.55,28.68,29.26,28.39,33667.14
2019-03-01,28.79,30.16,30.23,28.6,39195.85
2019-03-04,32.57,30.93,33.17,30.62,63635.07
2019-03-05,30.93,34.01,34.02,30.7,69030.59
2019-03-06,34.86,33.93,35.53,33.58,84552.74
2019-03-07,33.93,34.83,36.95,33.03,64254.13
2019-03-08,33.75,36.51,38.31,31.34,114812.04
2019-03-11,37.83,38.32,39.68,35.68,80435.11
2019-03-12,38.55,39.63,40.66,37.91,79024.99
2019-03-13,39.21,35.67,39.21,35.67,84245.06
2019-03-14,34.92,35.35,36.14,33.41,80166.83
2019-03-15,35.1,34.47,36.07,34.37,39962.16
2019-03-18,34.49,37.37,37.53,33.86,55741.88
2019-03-19,36.37,37.51,39.12,36.04,59706.87
2019-03-20,37.45,35.91,37.81,34.25,51802.12
2019-03-21,35.8,36.79,37.53,35.19,46593.68
2019-03-22,37.11,36.86,39.12,36.74,57127.58
2019-03-25,36.28,38.31,40.15,35.77,101204.23
2019-03-26,38.79,38.04,39.28,37.5,65665.94
2019-03-27,38.57,39.14,39.33,37.29,74768.32
2019-03-28,37.68,36.2,39.14,36.17,79908.11
2019-03-29,35.52,35.93,36.63,34.2,60103.78
2019-04-01,36.31,39.52,39.52,36.31,79671.63
2019-04-02,40.64,40.98,42.66,40.5,88657.66
2019-04-03,41.99,42.13,43.55,41.1,58047.71
2019-04-04,43.33,41.68,44.37,41.65,67065.59
2019-04-08,42.54,40.97,42.62,39.64,63893.43
2019-04-09,41.16,40.23,41.78,39.34,49515.11
2019-04-10,40.07,39.86,40.65,39.51,27799.66
2019-04-11,40.02,37.83,40.37,37.46,45265.73
2019-04-12,38.16,37.18,38.41,36.81,46795.51
2019-04-15,38.21,39.14,40.08,37.59,52217.18
2019-04-16,39.28,43.05,43.05,39.14,92399.65
2019-04-17,44.37,42.57,45.75,41.3,65739.89
2019-04-18,42.92,41.39,42.92,41.15,32820.82
2019-04-19,41.3,40.83,41.94,40.26,32777.76
2019-04-22,40.6,40.41,41.96,39.55,33261.29
2019-04-23,40.17,40.0,40.5,39.29,21534.98
2019-04-24,39.68,42.1,42.19,39.68,49721.23
2019-04-25,41.39,39.53,41.7,39.29,28294.38
2019-04-26,40.07,39.78,40.37,38.99,26070.83
2019-04-29,40.28,38.64,40.41,35.8,32303.0
2019-04-30,38.2,39.86,39.93,37.84,19851.63
2019-05-07,35.94,37.88,38.47,35.94,46054.15
2019-05-08,36.38,37.13,39.79,35.41,41880.43
2019-05-09,37.1,36.56,38.19,35.64,38171.25
2019-05-10,37.17,39.43,39.5,35.96,51186.96
2019-05-13,38.26,37.69,39.24,37.46,34378.28
2019-05-14,37.21,38.19,39.21,37.11,27671.83
2019-05-15,38.76,38.4,39.35,37.9,25612.24
2019-05-16,38.29,38.03,38.55,37.46,28561.93
2019-05-17,38.52,37.88,39.67,37.72,37014.33
2019-05-20,39.19,39.06,40.65,38.27,64739.15
2019-05-21,38.2,37.53,38.2,36.41,50768.72
2019-05-22,37.6,37.34,37.91,36.44,34177.56
2019-05-23,37.88,34.26,37.88,33.84,57810.11
2019-05-24,33.82,31.97,33.82,31.0,66075.71
2019-05-27,32.09,33.16,33.61,31.36,43534.2
2019-05-28,33.34,32.15,33.93,31.92,52672.04
2019-05-29,32.29,32.52,32.92,31.86,40336.68
2019-05-30,32.31,31.68,32.37,30.7,45321.17
2019-05-31,31.85,30.55,32.0,30.55,52359.7
2019-06-03,30.99,30.99,31.33,29.82,48498.81
2019-06-04,30.93,29.77,31.0,29.33,41815.17
2019-06-05,30.54,29.85,30.56,29.66,29229.57
2019-06-06,30.19,28.37,30.2,28.17,62170.6
2019-06-10,28.88,30.19,30.86,28.38,74810.86
2019-06-11,30.37,32.37,32.71,29.82,77100.56
2019-06-12,32.08,32.08,32.63,31.64,44235.72
2019-06-13,32.4,32.95,33.45,31.83,43675.82
2019-06-14,32.84,31.85,32.93,31.83,37974.15
2019-06-17,31.86,32.78,32.95,31.86,29425.0
2019-06-18,32.99,32.84,33.02,32.06,24200.0
2019-06-19,35.28,36.13,36.13,35.28,58090.97
2019-06-20,35.5,37.19,38.55,35.3,69086.21
2019-06-21,37.05,37.11,38.62,36.85,53136.41
2019-06-24,37.1,36.19,37.46,35.83,43457.62
2019-06-25,36.37,36.01,36.81,35.56,42189.36
2019-06-26,36.04,37.7,38.15,35.93,58335.4
2019-06-27,37.72,40.59,41.39,37.72,61966.03
2019-06-28,40.01,39.94,40.36,38.68,34009.69
2019-07-01,42.45,40.87,42.71,40.39,64148.33
2019-07-02,41.17,39.28,41.17,39.28,36198.82
2019-07-03,38.84,39.06,39.61,38.63,25749.29
2019-07-04,39.05,38.73,39.3,37.95,29272.35
2019-07-05,38.3,39.62,39.65,38.3,27349.22
2019-07-08,39.34,38.18,39.38,37.54,38921.22
2019-07-09,38.59,38.89,39.53,37.98,25879.79
2019-07-10,39.16,40.26,40.86,39.07,41952.04
2019-07-11,40.48,39.98,40.7,39.25,25634.6
2019-07-12,40.0,40.09,40.49,39.49,21850.58
2019-07-15,40.21,42.99,43.89,39.61,63513.47
2019-07-16,42.75,43.4,44.78,42.52,43762.79
2019-07-17,43.71,45.56,47.02,43.62,62715.83
2019-07-18,45.56,44.24,46.55,44.03,53993.77
2019-07-19,44.87,43.97,45.29,43.48,34275.57
2019-07-22,44.59,45.96,47.85,42.47,78526.88
2019-07-23,45.1,47.29,47.5,44.94,41033.84
2019-07-24,47.34,49.04,50.11,46.55,56810.3
2019-07-25,48.3,50.93,51.42,48.3,70672.54
2019-07-26,50.85,50.42,52.32,49.61,52640.43
2019-07-29,50.93,50.79,52.17,49.61,38353.88
2019-07-30,50.34,49.9,51.73,49.01,55715.03
2019-07-31,49.42,48.97,50.17,48.58,50371.0
2019-08-01,49.1,51.71,52.28,48.74,71702.66
2019-08-02,48.59,49.54,50.71,46.77,71927.41
2019-08-05,48.85,48.55,50.5,48.19,34134.0
2019-08-06,46.69,48.58,48.79,46.61,35909.87
2019-08-07,48.7,47.23,49.57,47.14,33116.63
2019-08-08,47.69,47.8,48.64,46.26,42646.3
2019-08-09,48.4,47.5,50.5,46.97,64560.08
2019-08-12,48.01,51.8,51.8,45.6,77657.43
2019-08-13,51.07,50.61,52.17,49.89,45222.18
2019-08-14,51.95,51.79,54.35,51.07,63060.9
2019-08-15,50.36,53.26,53.63,49.85,55861.75
2019-08-16,53.26,53.01,54.71,52.53,41164.66
2019-08-19,53.62,58.31,58.32,53.01,63981.08
2019-08-20,58.31,61.72,63.46,57.08,81592.02
2019-08-21,61.13,62.75,64.69,59.99,62688.21
2019-08-22,62.21,61.79,63.44,59.61,44596.39
2019-08-23,61.29,60.84,62.6,59.83,37498.59
2019-08-26,59.74,62.05,62.38,59.49,44696.97
2019-08-27,62.05,63.39,66.54,62.05,61814.34
2019-08-28,63.39,62.18,63.4,62.09,31790.77
2019-08-29,62.13,65.92,66.53,62.07,56066.14
2019-08-30,63.63,64.25,69.85,60.56,103080.47
2019-09-02,64.25,70.66,70.68,63.48,107538.65
2019-09-03,72.96,71.5,73.03,69.17,63924.09
2019-09-04,71.14,69.71,72.08,67.34,60260.8
2019-09-05,69.75,70.79,74.78,69.75,76189.33
2019-09-06,70.41,71.93,72.6,67.49,59784.15
2019-09-09,73.03,76.83,77.9,70.43,81141.82
2019-09-10,76.83,77.3,78.72,72.84,56225.38
2019-09-11,77.34,78.07,80.69,75.51,46374.93
2019-09-12,77.9,75.2,79.71,75.15,39969.62
2019-09-16,75.2,74.24,76.28,72.14,51961.26
2019-09-17,73.93,76.07,76.46,72.54,39568.06
2019-09-18,75.5,74.78,76.61,72.6,39784.05
2019-09-19,74.93,76.39,76.89,72.96,48630.97
2019-09-20,78.15,80.25,81.97,77.12,73936.95
2019-09-23,79.53,82.88,84.44,78.71,68084.88
2019-09-24,81.71,81.71,84.95,81.0,44426.43
2019-09-25,82.47,77.47,84.63,77.42,60704.25
2019-09-26,77.34,72.22,77.56,69.81,99568.05
2019-09-27,72.6,76.0,77.02,72.6,77073.28
2019-09-30,75.83,71.58,75.83,70.26,56735.81
2019-10-08,72.74,70.48,74.56,69.75,58880.02
2019-10-09,71.57,72.96,73.46,69.75,51616.63
2019-10-10,73.1,73.91,74.42,71.87,48128.08
2019-10-11,74.42,72.23,75.08,70.29,56473.37
2019-10-14,73.01,75.64,77.16,72.46,46657.23
2019-10-15,74.56,73.18,75.51,72.08,44753.15
2019-10-16,73.11,72.87,73.51,71.51,27020.64
2019-10-17,72.89,73.53,74.27,72.12,19723.78
2019-10-18,73.5,71.1,74.05,70.49,31881.19
2019-10-21,71.2,70.44,71.86,68.51,29807.36
2019-10-22,70.49,73.46,73.76,70.49,39550.69
2019-10-23,74.19,74.2,75.42,72.97,26968.99
2019-10-24,74.52,75.22,76.97,73.58,28633.27
2019-10-25,74.19,76.43,76.82,73.4,31263.65
2019-10-28,76.99,76.43,78.07,75.05,29717.89
2019-10-29,76.24,74.21,76.24,72.6,34562.27
2019-10-30,74.06,78.4,79.98,72.23,50688.36
2019-10-31,75.22,80.25,83.09,75.22,60617.95
2019-11-01,79.16,78.27,81.69,78.13,28700.23
2019-11-04,79.51,80.15,82.19,76.68,47488.57
2019-11-05,80.28,84.31,84.77,79.2,51941.26
2019-11-06,84.56,85.25,85.79,83.18,54338.56
2019-11-07,84.51,81.71,84.51,81.19,47508.41
2019-11-08,83.17,82.77,84.92,82.3,37038.38
2019-11-11,82.44,82.29,85.0,81.12,38440.16
2019-11-12,82.36,82.44,82.88,79.38,34916.71
2019-11-13,81.75,90.26,90.26,81.01,67602.04
2019-11-14,89.5,92.66,93.83,88.29,50806.18
2019-11-15,94.28,94.8,100.67,92.29,51338.78
2019-11-18,94.93,91.1,95.56,90.94,44564.33
2019-11-19,90.59,93.11,93.97,89.87,36996.33
2019-11-20,91.93,90.32,93.02,90.14,37304.4
2019-11-21,90.01,90.53,92.19,89.16,28794.7
2019-11-22,89.81,86.68,94.12,83.17,79240.44
2019-11-25,85.45,82.81,85.73,79.53,62029.93
2019-11-26,83.95,87.93,87.93,83.08,72477.53
2019-11-27,86.82,93.81,96.13,85.7,71958.73
2019-11-28,92.11,91.82,94.7,91.2,38459.25
2019-11-29,91.86,91.35,93.39,89.03,29844.7
2019-12-02,90.83,97.84,99.08,89.97,59597.59
2019-12-03,97.77,106.52,107.16,96.68,71164.14
2019-12-04,105.86,103.89,105.94,102.22,52735.25
2019-12-05,103.75,102.65,108.99,102.19,55180.9
2019-12-06,102.87,105.72,105.79,99.97,57548.04
2019-12-09,105.07,106.42,110.02,103.46,57003.0
2019-12-10,105.06,112.72,113.82,102.87,59500.26
2019-12-11,111.92,113.45,114.59,110.41,49205.6
2019-12-12,113.14,113.11,117.45,111.85,55641.89
2019-12-13,114.42,109.9,115.28,107.98,74636.01
2019-12-16,108.71,108.78,111.4,105.79,73540.5
2019-12-17,109.87,110.64,113.82,108.71,54528.42
2019-12-18,109.44,108.95,111.61,108.46,41073.35
2019-12-19,108.72,107.2,108.88,103.6,56630.65
2019-12-20,108.49,109.72,113.51,108.33,54354.21
2019-12-23,104.26,109.13,111.77,103.6,53429.37
2019-12-24,110.9,110.53,111.99,106.16,45389.51
2019-12-25,111.63,118.92,118.92,109.51,66785.39
2019-12-26,116.81,112.74,118.11,111.26,57624.14
2019-12-27,112.29,107.69,112.92,107.25,51430.63
2019-12-30,105.06,105.06,107.58,100.32,47416.52
2019-12-31,104.73,104.62,107.98,102.73,37571.47
2020-01-02,104.67,108.83,109.52,104.67,51860.92
2020-01-03,109.73,105.83,109.78,100.75,97975.76
2020-01-06,103.4,103.28,105.69,101.89,52704.16
2020-01-07,102.18,100.65,102.91,100.53,55555.54
2020-01-08,100.26,101.23,102.56,99.26,59511.08
2020-01-09,103.06,107.88,108.13,102.89,74623.65
2020-01-10,109.1,114.1,116.2,106.13,82756.5
2020-01-13,114.08,122.17,124.08,112.09,75560.48
2020-01-14,123.35,121.48,124.46,116.06,56366.19
2020-01-15,120.43,129.23,129.92,119.7,61674.42
2020-01-16,127.37,126.85,129.92,125.61,38546.46
2020-01-17,127.15,128.1,130.85,123.99,35731.92
2020-01-20,128.1,137.58,139.58,125.98,47732.23
2020-01-21,135.77,134.3,144.5,134.21,52146.12
2020-01-22,130.65,135.74,140.06,124.74,76819.94
2020-01-23,132.84,135.43,144.23,131.38,76651.82
2020-02-03,121.89,121.89,128.46,121.89,73180.8
2020-02-04,124.15,134.08,134.08,124.15,64651.82
2020-02-05,140.14,139.02,144.52,136.96,72278.43
2020-02-06,136.85,144.67,145.39,134.85,59031.92
2020-02-07,143.06,142.5,145.09,139.42,50456.58
2020-02-10,142.48,133.57,142.49,131.95,71579.42
2020-02-11,133.5,136.71,137.95,132.24,47756.63
2020-02-12,135.44,137.43,138.13,134.02,45665.05
2020-02-13,138.66,144.05,146.71,136.12,89360.59
2020-02-14,142.0,139.41,146.71,136.49,71513.43
2020-02-17,137.22,140.86,141.6,136.83,47240.81
2020-02-18,140.12,143.06,143.06,135.89,75929.46
2020-02-19,141.6,140.58,149.63,137.22,102065.01
2020-02-20,138.68,148.75,149.32,138.68,90499.14
2020-02-21,145.98,145.99,150.36,144.66,80696.12
2020-02-24,144.15,160.59,160.59,143.8,113092.05
2020-02-25,157.28,155.83,161.94,146.67,121332.46
2020-02-26,151.82,142.31,154.74,141.5,86706.24
2020-02-27,142.33,133.69,143.79,131.83,91915.66
2020-02-28,127.73,127.16,135.03,120.76,114868.48
2020-03-02,131.38,124.02,132.1,123.35,91062.22
2020-03-03,126.33,127.51,131.83,124.81,85534.92
2020-03-04,125.18,123.99,126.89,116.78,123379.72
2020-03-05,127.0,127.58,129.92,121.16,108344.78
2020-03-06,125.06,125.91,128.46,123.91,45639.26
2020-03-09,123.28,113.34,123.28,113.32,85708.36
2020-03-10,113.26,118.83,121.16,110.95,103599.78
2020-03-11,119.41,116.49,121.16,116.32,57164.6
2020-03-12,113.23,119.7,121.53,112.84,75753.66
2020-03-13,112.26,118.72,121.58,111.75,63589.7
2020-03-16,119.7,106.85,119.7,106.85,85383.36
2020-03-17,105.83,106.84,113.13,99.27,66626.4
2020-03-18,108.77,105.1,112.77,104.37,69704.33
2020-03-19,106.24,109.26,110.21,103.29,67161.19
2020-03-20,111.16,106.37,112.15,103.95,63592.83
2020-03-23,103.12,99.26,105.0,97.81,68483.15
2020-03-24,102.16,100.24,102.18,96.35,62487.62
2020-03-25,105.83,108.53,110.07,103.64,82820.15
2020-03-26,105.83,105.98,107.29,104.21,46130.76
2020-03-27,107.59,108.97,110.94,106.2,55651.41
2020-03-30,105.84,115.32,116.69,104.33,90054.54
2020-03-31,116.77,113.79,118.24,110.21,66195.49
2020-04-01,111.53,113.85,117.86,111.53,52619.87
2020-04-02,111.38,121.28,122.99,110.99,73279.69
2020-04-03,119.48,119.34,121.15,118.1,37003.98
2020-04-07,123.34,121.15,126.27,119.48,49868.86
2020-04-08,119.88,122.32,124.81,119.86,36198.47
2020-04-09,123.35,118.86,124.04,117.51,35149.04
2020-04-10,119.02,113.5,119.56,112.42,46782.39
2020-04-13,112.63,108.05,113.86,107.21,46913.74
2020-04-14,110.21,114.81,114.83,108.75,45045.05
2020-04-15,117.97,120.94,124.72,114.1,70488.68
2020-04-16,119.48,124.42,125.33,118.3,51792.49
2020-04-17,126.38,128.31,133.87,126.38,64040.38
2020-04-20,128.61,130.65,131.88,124.81,47151.7
2020-04-21,130.5,125.37,130.5,123.5,50547.54
2020-04-22,124.8,124.81,126.71,122.62,39155.57
2020-04-23,124.81,122.88,127.66,122.18,43455.94
2020-04-24,127.0,122.78,128.39,122.58,68156.3
2020-04-27,122.78,121.89,122.78,117.88,51372.07
2020-04-28,121.89,128.96,131.02,120.58,80769.69
2020-04-29,126.91,130.27,132.47,126.27,45949.85
2020-04-30,132.11,141.95,142.44,131.66,77859.85
2020-05-06,141.6,152.85,154.66,141.31,92489.01
2020-05-07,152.85,151.96,152.88,146.71,59737.95
2020-05-08,151.89,152.52,159.03,149.63,55549.72
2020-05-11,151.09,150.86,153.64,148.17,38391.13
2020-05-12,151.82,151.12,151.82,147.44,42847.83
2020-05-13,149.23,152.16,153.25,148.9,45614.85
2020-05-14,152.55,151.1,157.29,150.21,49989.74
2020-05-15,152.55,156.85,159.77,152.16,67182.68
2020-05-18,156.84,141.67,158.38,141.45,127295.68
2020-05-19,143.79,146.05,147.01,140.14,78631.11
2020-05-20,144.17,137.95,146.05,133.56,102149.11
2020-05-21,136.93,136.27,139.11,134.53,62905.11
2020-05-22,137.77,135.91,139.41,133.2,54687.98
2020-05-25,135.03,132.11,136.48,129.19,54875.41
2020-05-26,135.76,140.14,140.54,135.03,63786.39
2020-05-27,139.26,134.23,139.88,131.64,64016.63
2020-05-28,131.38,133.34,134.26,128.69,59505.3
2020-05-29,132.11,133.99,133.99,129.56,39448.61
2020-06-01,136.49,139.41,142.04,134.77,81977.82
2020-06-02,138.31,135.62,138.61,134.66,50135.92
2020-06-03,136.03,133.52,138.15,132.11,63497.74
2020-06-04,132.48,132.28,133.48,131.02,35799.93
2020-06-05,131.74,136.12,137.1,131.74,62933.12
2020-06-08,139.39,133.61,139.39,133.04,48457.48
2020-06-09,133.62,138.93,139.33,132.12,61128.93
2020-06-10,137.22,141.6,142.24,136.2,56623.17
2020-06-11,141.8,138.68,143.93,137.22,54254.01
2020-06-12,132.48,138.37,140.14,132.47,48648.44
2020-06-15,135.04,131.49,136.12,131.38,67521.92
2020-06-16,133.56,130.8,133.93,127.56,65994.86
2020-06-17,130.78,131.23,131.35,128.14,35979.44
2020-06-18,131.37,133.46,133.91,129.93,49257.91
2020-06-19,134.3,144.37,145.89,132.84,97155.12
2020-06-22,144.37,147.88,150.52,143.79,78488.41
2020-06-23,148.26,149.62,150.63,144.58,59947.56
2020-06-24,146.71,150.85,152.15,146.62,72267.76
2020-06-29,149.47,145.85,149.99,144.49,62148.49
2020-06-30,147.44,147.4,149.32,145.86,43451.08
2020-07-01,148.17,151.58,155.1,147.94,61994.1
2020-07-02,152.36,156.73,158.14,150.36,73317.97
2020-07-03,156.24,152.1,157.43,146.78,72445.17
2020-07-06,153.24,167.0,167.14,153.24,94348.34
2020-07-07,167.95,167.82,178.69,167.46,88030.93
2020-07-08,167.0,168.98,171.52,163.14,63056.05
2020-07-09,169.48,175.79,176.73,169.48,57412.45
2020-07-10,173.71,178.09,179.41,172.07,54988.66
2020-07-13,179.06,179.2,181.01,174.57,56515.69
2020-07-14,176.5,182.25,184.52,174.2,81826.55
2020-07-15,183.93,168.3,183.93,164.95,91926.94
2020-07-16,165.68,151.93,169.55,151.82,77076.29
2020-07-17,154.46,159.43,164.98,152.55,82607.88
2020-07-20,164.74,158.89,164.95,150.71,65780.23
2020-07-21,158.44,157.43,162.04,155.51,58969.77
2020-07-22,157.58,160.65,163.2,154.01,53962.18
2020-07-23,158.21,156.2,161.0,153.11,50788.37
2020-07-24,154.8,145.56,156.62,143.48,68155.43
2020-07-27,149.34,143.85,150.66,141.91,54799.68
2020-07-28,147.12,145.92,147.28,143.6,39048.84
2020-07-29,144.97,151.27,152.52,144.33,57861.01
2020-07-30,151.87,148.52,153.58,147.5,44274.51
2020-07-31,149.69,150.15,152.59,146.16,54005.36
2020-08-03,151.14,147.07,151.78,140.93,104779.07
2020-08-04,146.04,144.33,148.95,143.34,56948.17
2020-08-05,150.42,147.47,151.42,146.25,82804.57
2020-08-06,146.77,143.98,146.77,142.39,64386.19
2020-08-07,142.98,137.84,144.93,134.62,66739.59
2020-08-10,137.85,139.84,140.85,133.86,50839.95
2020-08-11,140.19,136.54,140.88,136.54,36207.35
2020-08-12,137.27,136.58,138.49,132.35,39459.3
2020-08-13,137.25,133.6,137.92,133.48,32331.37
2020-08-14,133.94,136.02,136.18,132.97,28918.05
2020-08-17,136.81,134.14,137.27,132.23,59160.46
2020-08-18,134.14,133.37,134.21,129.25,76562.68
2020-08-19,133.37,136.76,142.24,132.75,95521.47
2020-08-20,135.08,133.62,135.14,130.16,67992.72
2020-08-21,138.83,137.28,140.19,133.7,93341.73
2020-08-24,135.27,137.75,139.11,129.46,80847.16
2020-08-25,135.73,131.56,135.73,131.43,74756.86
2020-08-26,130.29,123.84,130.34,123.82,73311.1
2020-08-27,122.0,125.54,127.53,120.54,57711.65
2020-08-28,125.23,128.01,129.16,124.19,45705.84
2020-08-31,127.78,122.55,127.78,122.38,109941.22
2020-09-01,122.58,123.18,124.35,122.39,74741.88
2020-09-02,122.67,124.42,125.0,122.43,58396.38
2020-09-03,123.77,135.9,136.77,122.38,152738.55
2020-09-04,133.62,136.62,139.1,132.81,150066.81
2020-09-07,138.73,132.89,139.46,130.56,124383.05
2020-09-08,132.02,129.28,135.73,129.25,83553.34
2020-09-09,124.94,125.09,129.23,121.89,77304.86
2020-09-10,127.05,127.13,131.02,125.59,75476.4
2020-09-11,127.23,137.07,138.85,127.23,142751.28
2020-09-14,138.87,139.46,145.23,138.87,151990.91
2020-09-15,134.35,137.67,140.7,132.89,124792.49
2020-09-16,137.7,143.03,143.74,136.82,119584.08
2020-09-17,143.03,140.93,143.33,138.78,105760.05
2020-09-18,141.74,140.05,144.47,137.85,113204.9
2020-09-21,139.83,135.78,141.28,135.73,91249.97
2020-09-22,134.51,135.51,138.3,134.02,82592.06
2020-09-23,135.81,134.86,136.47,132.75,76577.1
2020-09-24,135.5,133.48,136.09,133.29,67297.62
2020-09-25,133.4,127.72,133.88,127.04,102302.76
2020-09-28,127.05,127.93,129.96,126.15,52660.69
2020-09-29,129.64,127.75,130.92,127.64,50209.25
2020-09-30,129.23,129.51,131.8,127.93,69796.38
2020-10-09,132.89,133.18,135.78,132.89,79543.17
2020-10-12,134.33,139.78,139.82,134.02,144987.76
2020-10-13,139.83,140.31,141.57,138.0,91669.01
2020-10-14,140.44,136.32,141.14,134.18,84274.97
2020-10-15,137.27,135.3,139.45,135.25,65736.92
2020-10-16,136.91,134.72,140.19,133.63,75319.66
2020-10-19,136.03,131.42,136.47,130.96,60071.93
2020-10-20,130.56,132.09,132.6,128.51,53138.53
2020-10-21,132.89,130.5,132.89,129.21,51085.18
2020-10-22,129.24,129.75,132.52,128.94,50738.6
2020-10-23,129.61,125.81,131.36,124.08,48598.43
2020-10-26,123.2,126.41,128.04,121.76,50125.01
2020-10-27,124.86,132.38,132.42,124.86,64408.68
2020-10-28,132.09,131.55,133.81,129.97,59774.89
2020-10-29,131.08,134.57,136.89,130.7,105372.41
2020-10-30,135.08,144.59,147.3,135.08,236685.77
2020-11-02,149.69,159.05,159.05,146.04,186123.87
2020-11-03,165.63,157.42,165.63,155.47,164809.47
2020-11-04,158.36,154.07,159.49,151.12,140671.68
2020-11-05,159.33,156.26,159.97,153.26,123550.05
2020-11-06,156.11,160.14,161.36,152.63,171919.89
2020-11-09,162.83,174.84,176.15,162.83,210341.69
2020-11-10,169.4,164.22,170.77,163.49,137504.19
2020-11-11,157.72,147.8,160.28,147.8,180054.44
2020-11-12,149.23,149.08,152.37,146.46,99642.56
2020-11-13,148.86,147.34,151.88,144.79,92029.56
2020-11-16,148.96,145.89,148.96,141.74,99712.74
2020-11-17,145.9,148.01,148.11,138.74,123801.12
2020-11-18,145.31,147.89,151.57,143.12,94911.62
2020-11-19,145.55,149.83,151.11,144.58,64475.56
2020-11-20,149.14,147.75,151.0,146.77,50621.18
2020-11-23,143.32,146.4,147.52,139.68,99065.51
2020-11-24,145.33,149.83,152.29,144.94,74077.1
2020-11-25,151.88,153.26,156.17,150.42,89904.13
2020-11-26,153.19,148.06,153.23,147.7,62307.35
2020-11-27,148.5,150.27,151.73,146.78,43901.58
2020-11-30,151.15,157.31,157.31,148.38,104181.04
2020-12-01,153.34,158.36,158.41,152.96,67433.29
2020-12-02,157.94,159.74,162.57,157.78,84492.14
2020-12-03,161.35,158.51,162.1,157.98,52608.46
2020-12-04,157.72,158.92,160.27,156.11,48958.77
2020-12-07,161.37,158.35,164.77,157.59,60688.61
2020-12-08,157.72,159.18,161.34,157.0,57512.73
2020-12-09,156.99,158.54,161.73,155.5,74487.58
2020-12-10,158.56,169.7,173.27,156.99,142241.8
2020-12-11,170.12,169.95,173.78,166.93,143746.21
2020-12-14,171.58,172.18,174.0,165.74,91482.58
2020-12-15,172.18,166.85,178.08,164.57,93990.91
2020-12-16,166.48,166.63,168.31,161.93,63247.18
2020-12-17,167.55,167.14,169.15,165.18,38843.9
2020-12-18,170.12,170.13,172.56,167.96,56536.9
2020-12-21,168.45,165.84,170.13,160.71,97298.82
2020-12-22,163.93,155.35,164.27,153.69,112797.45
2020-12-23,155.35,159.87,162.32,153.56,78396.15
2020-12-24,161.37,167.96,168.06,161.37,66977.66
2020-12-25,166.4,160.64,168.82,159.69,55116.29
2020-12-28,160.64,163.48,165.69,158.89,53813.7
2020-12-29,164.29,161.88,166.89,161.0,46472.85
2020-12-30,160.64,166.03,166.29,159.92,50933.89
2020-12-31,167.14,168.74,171.59,164.85,78249.29
2021-01-04,169.4,167.98,170.01,164.3,87173.4
2021-01-05,167.93,184.78,184.78,167.14,155321.87
2021-01-06,193.5,192.77,196.31,187.66,172785.93
2021-01-07,194.24,196.72,199.39,189.59,140190.49
2021-01-08,197.83,194.27,199.77,187.77,87084.35
2021-01-11,203.4,201.74,213.11,198.65,149120.17
2021-01-12,198.74,211.2,211.2,198.74,117440.29
2021-01-13,214.36,209.22,214.42,203.15,111530.6
2021-01-14,212.52,205.74,219.68,204.72,160058.89
2021-01-15,211.79,208.87,220.41,202.21,156619.48
2021-01-18,216.18,229.76,229.76,213.99,165409.22
2021-01-19,229.31,229.97,236.99,225.55,167790.12
2021-01-20,231.51,234.43,235.16,225.67,102654.04
2021-01-21,230.91,233.41,235.16,226.24,99059.54
2021-01-22,233.7,235.53,239.55,224.94,100021.38
2021-01-25,229.94,235.16,238.73,226.47,110678.2
2021-01-26,230.05,219.93,230.78,215.08,149566.54
2021-01-27,224.94,226.52,228.45,220.39,107201.51
2021-01-28,224.21,211.87,224.22,211.79,112313.6
2021-01-29,218.37,211.48,219.46,206.81,82709.18
2021-02-01,215.15,210.0,216.18,207.63,61964.84
2021-02-02,213.25,218.35,220.56,208.98,85186.68
2021-02-03,219.1,213.25,219.75,213.09,65378.89
2021-02-04,210.48,207.23,213.25,198.65,134989.58
2021-02-05,207.19,208.22,212.44,206.16,65625.62
2021-02-08,209.82,221.22,223.14,208.6,81089.82
2021-02-09,222.82,218.66,224.94,215.15,87461.24
2021-02-10,218.67,221.27,227.86,213.99,81559.88
2021-02-18,227.86,224.46,236.63,221.27,108883.44
2021-02-19,224.57,222.22,225.67,211.8,80681.85
2021-02-22,222.75,209.83,223.11,209.83,93076.24
2021-02-23,203.03,214.72,219.1,202.3,69184.14
2021-02-24,214.72,211.79,221.87,208.51,70550.65
2021-02-25,212.16,208.51,218.73,208.16,56794.24
2021-02-26,203.76,206.67,213.25,200.11,68978.25
2021-03-01,209.59,212.14,213.25,207.41,47279.69
2021-03-02,216.91,215.45,220.19,211.79,65230.83
2021-03-03,214.65,216.92,217.02,208.2,50382.55
2021-03-04,213.25,201.56,216.09,198.86,91485.08
2021-03-05,195.02,193.46,201.06,187.9,98671.95
2021-03-08,195.73,188.28,201.2,186.96,84300.3
2021-03-09,188.42,181.11,189.89,179.15,72055.79
2021-03-10,187.75,183.6,190.61,183.36,70420.77
2021-03-11,184.37,189.98,197.19,184.37,76671.08
2021-03-12,192.12,188.8,192.2,185.37,44735.43
2021-03-15,186.94,177.54,186.94,175.22,82546.49
2021-03-16,178.11,181.16,183.1,177.61,61434.35
2021-03-17,183.93,188.57,192.36,180.39,54987.04
2021-03-18,189.07,188.87,192.31,186.94,41430.89
2021-03-19,188.06,188.74,192.22,185.9,46666.37
2021-03-22,188.42,186.63,188.42,179.89,52600.15
2021-03-23,189.45,185.18,189.65,182.21,31229.77
2021-03-24,183.93,179.44,184.77,179.44,32458.03
2021-03-25,178.2,185.55,187.69,173.88,49783.14
2021-03-26,187.86,188.36,190.6,185.5,39664.14
2021-03-29,190.41,191.93,195.76,190.26,45941.22
2021-03-30,191.43,189.28,195.29,189.08,49019.5
2021-03-31,191.35,187.49,191.78,186.09,29034.98
2021-04-01,189.15,199.6,202.65,187.23,72291.13
2021-04-02,204.01,209.54,213.29,204.01,76026.49
2021-04-06,212.52,208.95,213.01,204.93,43115.75
2021-04-07,214.72,214.86,219.08,208.27,79339.94
2021-04-08,211.79,217.25,223.39,209.84,62208.69
2021-04-09,217.21,214.07,218.95,212.88,38020.5
2021-04-12,214.72,211.6,220.58,209.25,52381.14
2021-04-13,211.56,210.11,213.99,206.99,51292.66
2021-04-14,206.68,206.57,209.38,200.91,51478.25
2021-04-15,206.61,201.38,206.78,196.78,54411.39
2021-04-16,205.22,204.34,207.41,201.87,43262.78
2021-04-19,206.68,214.17,215.45,204.49,75237.54
2021-04-20,213.34,213.26,218.26,212.2,41170.62
2021-04-21,211.8,213.11,214.79,210.98,33381.51
2021-04-22,213.91,215.59,216.53,209.62,40833.41
2021-04-23,217.27,218.0,224.2,215.1,64360.29
2021-04-26,220.56,212.71,223.96,212.71,47297.86
2021-04-27,215.53,214.55,217.11,210.28,39302.3
2021-04-28,216.81,218.34,220.19,213.43,39713.68
2021-04-29,219.83,222.69,227.06,217.75,54118.08
2021-04-30,221.29,220.93,225.58,218.43,43214.91
2021-05-06,215.45,214.09,220.54,211.99,50215.91
2021-05-07,213.99,193.0,216.18,192.81,107546.08
2021-05-10,191.21,194.79,197.19,190.61,54789.86
2021-05-11,189.59,197.88,198.2,183.11,86505.62
2021-05-12,195.73,194.87,196.33,186.52,76462.32
2021-05-13,189.16,193.39,194.82,188.91,43543.07
2021-05-14,195.0,198.65,199.31,189.74,51525.31
2021-05-17,197.06,200.72,205.13,197.06,47330.94
2021-05-18,200.62,198.05,202.74,197.32,23056.22
2021-05-19,196.46,202.43,202.43,194.78,45917.53
2021-05-20,203.04,208.14,210.19,201.58,45624.15
2021-05-21,208.93,207.46,210.32,206.35,29550.93
2021-05-24,207.41,201.11,208.51,197.44,50837.05
2021-05-25,203.15,215.56,217.19,201.22,79291.83
2021-05-26,216.7,212.52,218.37,212.16,35335.26
2021-05-27,213.75,213.99,217.88,209.66,60562.04
2021-05-28,211.06,209.22,216.18,207.12,59784.23
2021-05-31,211.08,219.82,219.82,210.7,84464.15
2021-06-01,219.16,219.83,223.39,216.91,57214.28
2021-06-02,221.85,217.64,222.02,214.72,46275.51
2021-06-03,217.49,209.23,217.63,207.43,56297.89
2021-06-04,208.14,209.09,213.25,204.87,52642.01
2021-06-07,211.59,208.87,215.45,205.15,56201.63
2021-06-08,209.68,203.76,210.17,202.36,50029.67
2021-06-09,203.83,205.79,207.39,202.45,35536.63
2021-06-10,205.51,208.27,209.03,204.18,60821.36
2021-06-11,208.87,211.41,215.8,208.49,92815.09
2021-06-15,210.96,219.83,221.2,209.46,117489.85
2021-06-16,221.45,204.42,221.65,204.26,80877.43
2021-06-17,204.42,216.43,219.83,202.81,121387.2
2021-06-18,216.91,199.49,217.62,196.15,225647.8
2021-06-21,196.09,194.24,201.56,190.1,140520.26
2021-06-22,196.44,197.86,200.84,192.83,74595.06
2021-06-23,199.38,213.98,216.91,199.21,143055.88
2021-06-24,213.25,211.04,215.08,208.16,74417.07
2021-06-25,212.92,216.61,218.72,211.74,76936.98
2021-06-28,216.53,216.18,217.91,212.52,71792.32
2021-06-29,215.34,220.37,222.74,212.38,101848.78
2021-06-30,221.51,235.4,240.37,221.51,139274.63
2021-07-01,239.78,238.32,242.71,234.1,113023.82
2021-07-02,235.4,229.91,236.34,228.74,87332.44
2021-07-05,233.92,240.65,243.23,233.35,101002.77
2021-07-06,241.25,235.05,247.72,229.68,107279.78
2021-07-07,231.63,241.16,243.43,228.57,77030.27
2021-07-08,243.25,244.9,252.21,243.25,78914.74
2021-07-09,241.61,240.63,244.89,235.16,84722.97
2021-07-12,242.71,249.7,252.08,241.98,87595.39
2021-07-13,249.7,239.78,249.7,231.74,135419.32
2021-07-14,238.32,236.2,242.71,234.89,63329.49
2021-07-15,236.2,234.21,238.32,231.22,61763.44
2021-07-16,236.2,227.72,238.69,227.5,56022.13
2021-07-19,222.94,230.72,232.39,221.15,60712.13
2021-07-20,230.07,232.23,233.0,225.16,46516.74
2021-07-21,233.21,235.41,241.16,231.01,85618.57
2021-07-22,234.84,225.86,234.95,221.51,103004.98
2021-07-23,225.16,220.87,225.31,217.83,101896.98
2021-07-26,222.96,212.3,224.43,206.12,111808.87
2021-07-27,212.0,221.49,233.2,212.0,143369.38
2021-07-28,216.39,222.89,229.92,211.28,101813.25
2021-07-29,228.82,229.68,231.67,220.74,112462.51
2021-07-30,225.22,220.84,226.95,218.61,98652.14
2021-08-02,218.57,218.2,223.7,213.39,96700.73
2021-08-03,217.03,215.66,223.4,213.84,81412.01
2021-08-04,215.73,226.63,228.0,214.2,91303.32
2021-08-05,222.25,234.73,240.43,222.25,87882.18
2021-08-06,235.88,225.87,238.18,223.62,74093.86
2021-08-09,223.7,212.93,223.7,211.04,114448.1
2021-08-10,210.54,203.23,213.47,195.19,169501.39
2021-08-11,201.77,202.93,204.61,197.51,77960.97
2021-08-12,203.03,201.81,209.23,200.31,68281.88
2021-08-13,200.27,197.08,201.04,195.91,62643.25
2021-08-16,195.92,194.09,198.11,191.97,79031.85
2021-08-17,194.07,191.32,195.85,188.61,64554.51
2021-08-18,191.54,191.3,193.64,187.22,72431.57
2021-08-19,192.08,193.72,194.36,188.32,70820.2
2021-08-20,193.64,188.83,195.78,186.9,66341.7
2021-08-23,188.66,198.41,198.82,186.83,87594.54
2021-08-24,199.58,196.48,201.39,195.99,69365.59
2021-08-25,200.14,189.5,200.14,188.47,98144.36
2021-08-26,190.02,188.83,193.0,187.88,67336.53
2021-08-27,187.15,194.55,199.7,186.24,128019.04
2021-08-30,195.99,195.32,198.47,191.23,80251.1
2021-08-31,188.61,176.98,190.03,176.21,169442.65
2021-09-01,180.78,187.5,190.07,178.38,129291.29
2021-09-02,187.5,176.55,191.39,173.27,125057.27
2021-09-03,176.64,169.97,177.65,168.51,94575.75
2021-09-06,169.95,176.07,178.29,168.94,70378.05
2021-09-07,176.59,179.49,180.67,173.63,58539.84
2021-09-08,175.45,177.7,182.69,173.62,84458.49
2021-09-09,176.4,179.7,181.14,175.45,52361.89
2021-09-10,180.05,177.74,183.64,174.36,96507.21
2021-09-13,175.49,173.52,179.11,171.8,82075.89
2021-09-14,174.72,171.72,175.67,170.44,76672.85
2021-09-15,171.65,169.6,174.19,163.77,73344.56
2021-09-16,170.2,165.95,171.29,164.86,65928.44
2021-09-17,168.19,175.32,175.36,168.19,84808.66
2021-09-22,171.8,175.23,178.08,171.12,63957.42
2021-09-23,176.04,178.75,185.61,171.66,98606.41
2021-09-24,176.18,175.31,180.57,174.72,63740.17
2021-09-27,177.65,182.76,185.69,176.34,105372.09
2021-09-28,180.33,179.62,184.22,176.91,62187.96
2021-09-29,178.32,178.36,181.3,175.5,47703.05
2021-09-30,178.36,177.36,181.78,176.37,53564.02
2021-10-08,178.38,172.88,184.1,172.8,85937.27
2021-10-11,172.52,171.41,178.59,171.07,64084.56
2021-10-12,168.19,165.44,171.3,164.34,72978.71
2021-10-13,165.37,176.93,179.11,161.93,82077.6
2021-10-14,176.86,181.94,186.18,176.59,72090.19
2021-10-15,180.57,182.76,184.23,178.01,69437.39
2021-10-18,182.76,175.01,182.76,171.09,98298.56
2021-10-19,174.55,180.74,182.76,172.96,74936.59
2021-10-20,182.67,179.52,183.49,178.45,42055.41
2021-10-21,179.36,179.84,180.48,176.29,35196.73
2021-10-22,179.11,184.42,186.82,178.6,77888.78
2021-10-25,182.03,182.74,184.96,181.3,50740.22
2021-10-26,182.77,187.58,189.34,182.77,71986.56
2021-10-27,187.44,184.51,187.46,183.04,51972.73
2021-10-28,184.96,193.0,197.16,184.14,100862.78
2021-10-29,192.27,194.46,197.02,191.54,61600.44
2021-11-01,194.47,197.31,199.5,191.29,77532.13
2021-11-02,196.6,206.7,209.01,196.6,117933.2
2021-11-03,206.7,203.6,206.89,199.34,68554.81
2021-11-04,203.74,203.69,207.87,202.33,49987.88
2021-11-05,205.43,207.52,211.27,205.43,66318.31
2021-11-08,208.06,204.69,209.58,201.08,56533.96
2021-11-09,203.23,204.69,207.98,200.0,56535.42
2021-11-10,203.23,201.92,206.08,200.4,40548.72
2021-11-11,200.58,200.66,203.96,196.21,76532.32
2021-11-12,198.48,199.01,199.47,195.19,56910.77
2021-11-15,198.11,198.85,201.02,194.83,47699.17
2021-11-16,198.37,195.36,201.73,194.94,55831.91
2021-11-17,195.04,193.71,196.92,191.73,47327.12
2021-11-18,192.92,193.47,194.61,190.56,37012.88
2021-11-19,193.14,196.65,197.11,191.54,51027.26
2021-11-22,197.38,204.62,205.42,194.5,91162.49
2021-11-23,204.62,204.61,206.88,201.19,63084.72
2021-11-24,203.88,205.28,207.25,203.24,57374.27
2021-11-25,205.4,206.6,211.03,203.57,65674.26
2021-11-26,205.05,199.82,205.43,197.9,56524.7
2021-11-29,196.5,201.37,204.4,195.45,42400.65
2021-11-30,202.5,199.12,204.6,198.67,39520.68
2021-12-01,197.75,195.15,200.91,193.66,42202.57
2021-12-02,206.65,214.67,214.67,206.65,142298.31
2021-12-03,214.64,222.06,228.67,212.74,210772.45
2021-12-06,225.15,217.1,225.68,216.87,87060.44
2021-12-07,222.06,217.35,222.97,214.95,76814.88
2021-12-08,219.32,226.62,227.5,219.32,100085.52
2021-12-09,224.95,226.04,228.25,223.48,71420.86
2021-12-10,225.65,223.69,225.65,217.12,71949.61
2021-12-13,222.24,224.35,228.09,221.6,62517.57
2021-12-14,222.97,223.97,225.53,220.14,39674.3
2021-12-15,223.8,221.51,225.03,221.5,37099.39
2021-12-16,222.97,222.59,230.03,221.52,46214.19
2021-12-17,220.13,213.25,222.24,212.99,63319.13
2021-12-20,214.03,210.12,217.6,207.62,61445.75
2021-12-21,211.43,212.32,213.58,205.3,63614.33
2021-12-22,213.17,223.49,227.77,213.17,74333.19
2021-12-23,223.7,223.66,226.33,220.69,43084.07
2021-12-24,223.67,225.16,230.11,223.67,56856.12
2021-12-27,227.36,229.67,235.33,226.63,50842.17
2021-12-28,231.02,226.63,233.18,225.81,48145.63
2021-12-29,228.86,223.12,229.55,221.03,42298.83
2021-12-30,220.78,226.68,229.52,220.78,52845.13
2021-12-31,226.69,227.19,228.64,225.27,33386.3
2022-01-04,229.23,226.93,230.14,219.32,56414.49
2022-01-05,225.87,209.08,228.07,206.15,94570.27
2022-01-06,209.08,203.96,209.8,198.94,84966.71
2022-01-07,203.96,203.04,210.91,202.0,47011.31
2022-01-10,201.04,200.16,203.51,195.13,62394.74
2022-01-11,199.94,194.08,202.49,193.02,46121.82
2022-01-12,196.16,198.11,200.81,195.37,48786.4
2022-01-13,198.48,194.89,199.18,194.66,35447.81
2022-01-14,191.37,202.54,207.38,191.37,58386.75
2022-01-17,202.54,212.44,214.82,202.54,67259.77
2022-01-18,212.0,216.6,218.5,210.97,42747.05
2022-01-19,214.2,213.47,217.47,210.67,50262.08
2022-01-20,213.63,214.38,217.77,210.63,39585.49
2022-01-21,211.31,208.51,215.9,207.54,49197.67
2022-01-24,208.57,211.28,215.27,206.8,33050.37
2022-01-25,210.54,203.67,212.69,203.24,60458.45
2022-01-26,203.29,202.05,205.13,198.82,57716.14
2022-01-27,201.62,191.9,202.5,190.89,93512.99
2022-01-28,188.61,185.83,194.94,184.22,81937.79
2022-02-07,190.07,178.71,192.65,178.15,106491.43
2022-02-08,178.64,173.11,179.52,168.14,115711.02
2022-02-09,173.9,169.77,175.37,166.22,100576.15
2022-02-10,171.8,169.58,172.66,169.31,70271.22
2022-02-11,168.16,166.35,171.36,164.62,64064.25
2022-02-14,164.49,167.41,169.93,163.83,51977.57
2022-02-15,168.19,176.46,177.43,168.06,90056.51
2022-02-16,177.65,175.45,179.84,175.31,62147.17
2022-02-17,173.92,177.57,179.84,173.03,59365.06
2022-02-18,176.18,175.01,176.8,171.98,38679.15
2022-02-21,173.99,173.22,176.18,171.8,45179.4
2022-02-22,172.53,173.99,174.57,168.13,74347.01
2022-02-23,174.72,181.51,183.49,174.36,82094.24
2022-02-24,181.3,179.8,182.04,176.53,73032.95
2022-02-25,184.08,179.11,184.96,178.19,63075.89
2022-02-28,179.11,179.7,182.24,177.65,41849.05
2022-03-01,179.43,180.42,182.76,178.37,48216.95
2022-03-02,178.38,175.45,178.38,173.92,68740.59
2022-03-03,177.28,172.53,177.82,171.34,46437.79
2022-03-04,170.42,171.17,176.98,169.76,48261.76
2022-03-07,170.11,161.56,170.11,159.88,83108.58
2022-03-08,161.56,161.62,166.59,159.87,70853.54
2022-03-09,161.93,164.44,165.72,156.51,88395.06
2022-03-10,169.6,165.61,171.72,164.97,72185.16
2022-03-11,160.84,162.38,165.44,158.17,62006.49
2022-03-14,158.84,152.06,161.56,151.33,99910.44
2022-03-15,145.37,142.56,150.3,142.55,135056.94
2022-03-16,145.4,156.81,156.81,143.54,126305.75
2022-03-17,162.29,163.83,166.68,161.05,133534.59
2022-03-18,163.02,163.96,165.21,161.26,60160.0
2022-03-21,164.9,162.48,167.56,160.89,58594.93
2022-03-22,162.44,161.3,165.4,160.54,45812.33
2022-03-23,161.56,159.12,162.65,157.91,63593.94
2022-03-24,157.91,155.26,158.95,154.25,63646.28
2022-03-25,157.62,150.01,157.75,149.72,51579.31
2022-03-28,147.67,147.97,151.69,146.31,58043.18
2022-03-29,148.41,143.82,149.84,142.7,60782.42
2022-03-30,145.48,144.84,146.64,139.19,84910.48
2022-03-31,142.49,141.39,143.29,138.17,89937.63
2022-04-01,141.09,141.93,145.04,139.89,50089.32
2022-04-06,142.56,137.5,143.08,136.21,76121.77
2022-04-07,136.85,134.02,140.0,133.76,66918.25
2022-04-08,134.87,131.74,135.61,131.06,63899.27
2022-04-11,131.76,124.64,131.76,123.56,106231.1
2022-04-12,124.64,125.05,126.25,120.99,102966.05
2022-04-13,124.28,123.61,125.28,122.09,57761.29
2022-04-14,125.14,126.06,128.53,120.66,98686.66
2022-04-15,123.53,127.13,128.48,122.94,80020.17
2022-04-18,125.85,133.57,133.93,125.38,102390.74
2022-04-19,131.59,120.21,131.59,120.21,187536.69
2022-04-20,118.32,116.75,120.4,116.5,104329.13
2022-04-21,115.73,113.55,118.74,112.73,86329.48
2022-04-22,111.19,108.93,113.67,108.85,95954.58
2022-04-25,107.46,101.04,108.93,100.97,105648.97
2022-04-26,101.35,98.44,103.74,97.98,91214.82
2022-04-27,98.92,108.29,108.29,98.79,132194.6
2022-04-28,107.4,106.24,110.71,104.78,118411.75
2022-04-29,108.29,110.02,111.36,106.01,136450.34
2022-05-05,109.01,107.54,110.75,107.51,91342.66
2022-05-06,104.99,102.46,106.22,102.46,73333.24
2022-05-09,102.5,100.27,103.36,99.76,68489.06
2022-05-10,99.42,104.58,107.36,98.98,116474.98
2022-05-11,104.91,111.54,115.05,104.1,157116.3
2022-05-12,110.57,109.77,111.49,108.2,96669.6
2022-05-13,111.63,109.77,111.77,108.34,62606.28
2022-05-16,110.75,108.19,113.66,107.89,72141.06
2022-05-17,108.18,119.01,119.01,107.76,157655.56
2022-05-18,120.62,119.16,120.66,117.11,151360.29
2022-05-19,116.93,118.43,120.1,114.7,110882.84
2022-05-20,119.12,119.65,119.8,116.67,99521.19
2022-05-23,123.55,120.97,124.13,116.88,139819.82
2022-05-24,119.89,114.86,123.5,114.53,122786.34
2022-05-25,114.12,113.31,116.82,111.7,83890.33
2022-05-26,113.36,111.28,114.12,108.85,120995.4
2022-05-27,112.95,109.16,115.78,108.95,111566.29
2022-05-30,110.29,116.25,117.41,109.16,162258.73
2022-05-31,116.97,119.89,120.97,113.59,148667.98
2022-06-01,119.16,119.16,121.79,117.71,89490.67
2022-06-02,119.04,125.92,127.17,118.09,135245.22
2022-06-06,125.93,131.83,132.82,123.85,141267.36
2022-06-07,132.03,125.54,132.23,124.29,142857.7
2022-06-08,124.38,124.65,126.47,122.09,121566.73
2022-06-09,124.2,119.84,124.26,118.72,101964.71
2022-06-10,119.15,120.92,120.96,116.95,119470.0
2022-06-13,119.02,118.62,120.9,117.68,87739.9
2022-06-14,116.97,116.18,116.97,111.6,114414.47
2022-06-15,116.96,117.87,120.09,116.24,130248.19
2022-06-16,117.99,118.14,121.79,117.33,110386.02
2022-06-17,116.24,117.25,117.61,113.53,145305.48
2022-06-20,118.22,122.83,123.14,116.38,172719.95
2022-06-21,122.83,119.76,122.83,118.77,141924.24
2022-06-22,120.89,112.97,120.89,112.79,191441.46
2022-06-23,112.29,113.75,114.04,111.12,164566.93
2022-06-24,113.79,116.66,118.56,112.49,195126.44
2022-06-27,118.3,120.77,123.56,117.7,239590.05
2022-06-28,121.92,127.21,131.14,116.78,274309.37
2022-06-29,127.22,122.82,131.0,122.58,273173.55
2022-06-30,122.82,126.49,127.91,122.21,176496.12
2022-07-01,126.49,126.73,129.69,125.05,148839.94
2022-07-04,122.79,120.0,122.79,118.39,216168.73
2022-07-05,119.89,118.06,121.72,116.24,154933.34
2022-07-06,117.97,119.29,123.85,117.41,204186.44
2022-07-07,118.86,117.11,120.52,115.51,156397.53
2022-07-08,118.43,117.88,121.33,117.19,146427.64
2022-07-11,117.11,114.09,117.11,112.8,166411.35
2022-07-12,113.33,109.37,114.41,109.29,154338.97
2022-07-13,108.63,107.19,109.5,105.39,131378.72
2022-07-14,106.26,106.4,108.93,105.97,122098.18
2022-07-15,106.29,105.99,109.11,104.95,129404.1
2022-07-18,106.16,107.06,107.18,102.5,121563.77
2022-07-19,107.0,105.84,107.71,104.76,84308.47
2022-07-20,107.34,105.78,108.63,105.28,101854.85
2022-07-21,105.26,108.86,110.26,103.82,178879.22
2022-07-22,108.85,106.65,108.85,105.59,95229.92
2022-07-25,106.74,104.39,107.34,104.17,69111.1
2022-07-26,104.47,105.45,105.59,103.44,68778.55
2022-07-27,105.27,104.02,106.15,102.79,85734.68
2022-07-28,105.38,106.83,109.22,105.11,131527.28
2022-07-29,106.09,104.2,106.98,103.99,112173.01
2022-08-01,103.28,105.25,106.56,100.13,144858.01
2022-08-02,103.29,103.15,106.35,101.8,130810.38
2022-08-03,103.15,106.26,108.17,103.15,189986.58
2022-08-04,106.99,112.69,112.87,105.99,242884.94
2022-08-05,112.93,115.73,117.36,110.92,272852.03
2022-08-08,115.8,112.41,116.39,110.94,216642.21
2022-08-09,111.03,112.88,112.92,109.49,146762.93
2022-08-10,110.94,109.9,114.31,109.87,125534.3
2022-08-11,110.35,117.88,117.97,110.06,285761.37
2022-08-12,113.42,110.86,115.1,110.31,335936.97
2022-08-15,109.33,106.73,110.3,106.4,202830.44
2022-08-16,106.49,106.43,108.01,104.11,120943.09
2022-08-17,105.98,106.98,107.48,104.6,114570.4
2022-08-18,106.98,107.09,107.92,105.8,102481.51
2022-08-19,105.95,104.45,109.29,104.4,127745.95
2022-08-22,103.99,104.0,104.45,101.61,94115.61
2022-08-23,103.48,101.28,104.56,100.72,130112.32
2022-08-24,100.25,94.27,101.04,94.18,278490.12
2022-08-25,94.28,92.02,95.02,90.51,209710.83
2022-08-26,92.94,91.23,93.09,91.04,116326.6
2022-08-29,89.15,90.75,92.09,88.46,112804.75
2022-08-30,90.71,92.38,93.81,90.71,124493.38
2022-08-31,91.8,92.85,92.91,89.9,191771.61
2022-09-01,92.14,89.72,92.99,89.55,120504.0
2022-09-02,89.54,89.02,90.96,88.52,99429.42
2022-09-05,88.95,87.68,88.96,85.68,142352.28
2022-09-06,87.91,88.03,89.0,86.95,103098.21
2022-09-07,87.96,88.16,90.01,87.29,144064.96
2022-09-08,88.09,86.87,88.74,86.86,86563.31
2022-09-09,86.99,88.08,88.25,85.56,125177.7
2022-09-13,88.67,88.26,90.14,88.15,94567.21
2022-09-14,86.67,87.51,88.3,86.16,90646.2
2022-09-15,88.15,85.92,88.16,85.21,98179.66
2022-09-16,85.11,82.91,85.95,82.91,119427.88
2022-09-19,83.13,85.39,88.95,82.92,202723.93
2022-09-20,85.58,85.03,86.49,83.68,110000.86
2022-09-21,84.96,84.2,85.19,80.43,163603.85
2022-09-22,83.3,82.22,85.16,81.82,145425.22
2022-09-23,82.22,81.23,83.05,79.94,134403.05
2022-09-26,80.09,82.76,83.48,80.09,135528.08
2022-09-27,82.79,84.1,84.15,82.08,98080.4
2022-09-28,83.89,81.85,84.85,81.8,99353.27
2022-09-29,82.81,80.71,83.11,80.38,103811.47
2022-09-30,80.71,79.37,81.4,79.34,87101.71
2022-10-10,79.24,74.18,79.24,74.03,141516.77
2022-10-11,74.27,74.79,76.54,73.8,118922.65
2022-10-12,74.47,76.02,76.12,72.04,192767.06
2022-10-13,75.28,75.78,77.32,75.08,116131.79
2022-10-14,76.77,79.63,80.45,76.18,161594.07
2022-10-17,78.82,80.05,80.69,78.45,110744.58
2022-10-18,80.43,79.61,80.73,78.92,80972.03
2022-10-19,79.25,78.45,79.96,78.35,85382.05
2022-10-20,78.17,79.39,81.61,77.16,185192.06
2022-10-21,79.13,77.58,79.13,77.22,124044.16
2022-10-24,78.07,75.24,79.74,74.76,138401.39
2022-10-25,74.9,74.08,75.73,73.51,101378.91
2022-10-26,74.31,75.94,77.16,73.32,128366.28
2022-10-27,76.27,75.13,77.49,74.59,126926.76
2022-10-28,74.59,71.02,75.88,70.79,154397.26
2022-10-31,66.01,72.68,74.08,66.01,233657.05
2022-11-01,73.21,76.11,76.15,72.33,160677.29
2022-11-02,75.63,77.54,78.43,75.39,123069.12
2022-11-03,76.86,78.6,79.05,76.82,131508.77
2022-11-04,78.25,80.87,81.57,78.23,156603.47
2022-11-07,80.23,81.31,82.81,80.06,172438.13
2022-11-08,81.25,80.19,81.97,79.51,93555.52
2022-11-09,80.19,79.22,80.58,78.83,67778.05
2022-11-10,78.75,78.04,79.86,77.36,84637.46
2022-11-11,81.82,80.32,83.7,80.23,172182.86
2022-11-14,81.02,79.92,83.01,79.58,124493.67
2022-11-15,80.12,87.91,87.91,79.64,220931.22
2022-11-16,89.03,87.34,90.68,86.44,286715.21
2022-11-17,86.96,88.95,89.45,84.37,252461.23
2022-11-18,87.86,84.59,88.24,84.24,207105.81
2022-11-21,84.2,84.42,85.2,83.05,112466.84
2022-11-22,84.2,82.09,84.88,81.77,151360.09
2022-11-23,82.22,81.82,83.09,80.73,91102.39
2022-11-24,82.22,81.02,83.01,80.83,97022.16
2022-11-25,81.31,80.47,82.71,80.32,85910.59
2022-11-28,79.23,78.25,79.23,77.36,128215.56
2022-11-29,78.25,80.35,80.58,77.85,111533.34
2022-11-30,80.35,80.52,81.9,79.9,85081.15
2022-12-01,81.97,81.41,83.32,81.37,121240.46
2022-12-02,80.75,81.02,82.22,80.75,72939.75
2022-12-05,80.41,81.31,82.02,80.41,101097.79
2022-12-06,81.14,85.07,85.78,80.74,206369.65
2022-12-07,84.3,83.36,84.69,83.21,122831.76
2022-12-08,83.21,82.25,83.7,82.03,91270.59
2022-12-09,82.79,83.9,84.2,82.3,130808.26
2022-12-12,83.8,86.19,87.66,82.57,186335.17
2022-12-13,85.68,84.75,85.96,84.2,91109.84
2022-12-14,87.47,83.78,87.76,83.69,150213.74
2022-12-15,83.18,84.84,86.77,82.63,123861.6
2022-12-16,84.2,82.44,84.2,82.3,97020.64
2022-12-19,82.2,80.91,83.21,80.58,81527.34
2022-12-20,80.5,81.16,82.61,80.5,67897.5
2022-12-21,80.88,80.15,82.22,79.74,70115.4
2022-12-22,80.54,79.26,80.95,79.03,70588.45
2022-12-23,78.47,78.34,80.04,77.92,71419.13
2022-12-26,78.31,79.93,80.43,78.3,51329.61
2022-12-27,79.86,79.74,79.94,78.95,53218.09
2022-12-28,79.64,76.79,79.64,75.96,110211.59
2022-12-29,76.57,77.18,78.91,76.12,86198.23
2022-12-30,77.57,76.36,78.75,76.15,81781.78
2023-01-03,76.27,76.76,76.78,74.57,86370.47
2023-01-04,76.27,77.15,77.76,76.27,97391.01
2023-01-05,77.49,78.75,79.54,77.07,102598.78
2023-01-06,79.05,80.8,82.6,78.38,137588.63
2023-01-09,81.11,82.24,83.6,81.04,118637.04
2023-01-10,82.55,84.68,86.75,82.26,164566.73
2023-01-11,84.68,82.71,86.18,82.71,112286.1
2023-01-12,83.18,82.96,83.79,82.22,62239.52
2023-01-13,82.53,83.57,83.7,82.31,59345.45
2023-01-16,80.56,90.39,91.93,80.24,480753.9
2023-01-17,90.13,92.12,94.27,89.91,258463.2
2023-01-18,92.12,92.3,93.61,90.89,141830.72
2023-01-19,92.3,96.53,97.16,91.84,229011.89
2023-01-20,96.61,95.67,97.05,95.11,139096.28
2023-01-30,99.93,95.39,99.93,94.45,180227.09
2023-01-31,95.39,93.27,96.58,93.14,146300.94
2023-02-01,92.43,93.92,94.97,92.43,102800.88
2023-02-02,94.1,94.2,96.03,93.79,118062.23
2023-02-03,93.5,93.18,95.01,91.82,113577.34
2023-02-06,93.18,91.5,93.59,90.95,97045.24
2023-02-07,92.7,91.76,92.81,90.83,78221.71
2023-02-08,92.02,90.83,93.11,90.72,75699.2
2023-02-09,90.17,94.1,94.1,89.56,151349.25
2023-02-10,94.0,93.11,94.6,92.54,105352.84
2023-02-13,92.65,93.51,94.57,92.17,92493.81
2023-02-14,93.51,92.98,94.93,92.26,86658.77
2023-02-15,93.04,93.58,94.1,92.24,75785.22
2023-02-16,93.56,90.72,95.0,89.6,147143.14
2023-02-17,90.52,87.05,91.12,86.96,146493.96
2023-02-20,86.96,88.74,89.13,86.26,83552.15
2023-02-21,88.74,88.39,89.6,87.66,71082.89
2023-02-22,88.02,87.57,88.58,87.28,51309.62
2023-02-23,87.37,87.21,88.45,86.97,67192.5
2023-02-24,88.06,86.24,88.51,86.19,61180.38
2023-02-27,85.68,84.64,86.24,83.9,93727.75
2023-02-28,85.0,85.14,85.46,83.43,75409.99
2023-03-01,85.15,85.72,86.15,84.74,104704.23
2023-03-02,86.38,85.3,87.49,85.21,101521.81
2023-03-03,86.32,85.78,87.88,84.69,125595.07
2023-03-06,85.79,85.19,86.17,84.04,86150.72
2023-03-07,84.99,82.67,85.48,82.67,93442.7
2023-03-08,82.41,83.35,83.87,82.22,58447.34
2023-03-09,83.46,82.57,84.61,82.49,86131.74
2023-03-10,82.21,81.08,83.05,81.06,89616.99
2023-03-13,80.79,82.0,82.1,80.22,67052.83
2023-03-14,82.0,83.38,83.96,80.64,124044.26
2023-03-15,83.41,83.4,84.63,82.82,87906.29
2023-03-16,82.91,83.23,85.03,82.81,137997.29
2023-03-17,84.05,82.72,84.3,81.94,132500.17
2023-03-20,82.67,86.16,86.67,81.23,187554.05
2023-03-21,86.16,86.03,86.43,85.21,86612.39
2023-03-22,86.29,86.49,86.84,85.59,84508.31
2023-03-23,86.05,91.13,91.19,85.98,240405.39
2023-03-24,90.44,92.96,93.59,89.64,202796.3
2023-03-27,92.81,88.66,93.11,88.65,173180.59
2023-03-28,88.42,86.92,88.73,86.79,96814.97
2023-03-29,86.92,89.11,91.05,86.75,155137.61
2023-03-30,89.48,89.51,91.68,89.09,135365.17
2023-03-31,89.51,90.24,91.09,88.75,95477.09
2023-04-03,91.13,93.01,93.12,90.94,187524.25
2023-04-04,93.11,94.68,96.95,92.43,226919.6
2023-04-06,94.1,100.14,104.15,93.25,375216.23
2023-04-07,101.14,102.54,103.45,98.06,275568.88
2023-04-10,111.44,106.47,112.79,104.89,573570.15
2023-04-11,104.89,106.97,109.11,103.09,274284.0
2023-04-12,106.78,107.97,109.57,104.51,230480.21
2023-04-13,108.96,102.13,110.55,100.34,284833.98
2023-04-14,103.02,105.22,105.38,98.48,279771.74
2023-04-17,104.18,102.61,105.34,102.06,207286.87
2023-04-18,101.07,103.22,103.71,100.05,175481.54
2023-04-19,108.15,103.43,110.3,103.27,347287.43
2023-04-20,101.7,102.14,104.06,100.35,209326.97
2023-04-21,101.53,94.32,101.53,94.2,245407.9
2023-04-24,94.32,90.58,94.99,89.82,238134.14
2023-04-25,90.19,89.67,92.12,87.76,164959.08
2023-04-26,89.18,87.59,89.73,86.57,186205.65
2023-04-27,86.87,89.39,90.04,86.41,171350.43
2023-04-28,88.37,90.39,91.01,88.31,120403.29
2023-05-04,89.66,91.32,92.12,88.57,129694.94
2023-05-05,90.97,90.47,92.12,89.8,84204.83
2023-05-08,90.14,90.41,92.02,89.65,72301.79
2023-05-09,90.48,90.74,92.18,89.24,109023.24
2023-05-10,90.71,90.04,91.72,88.45,86867.69
2023-05-11,90.62,89.45,91.97,89.43,61574.58
2023-05-12,89.44,88.65,90.69,88.47,64097.1
2023-05-15,88.66,89.65,89.74,88.16,55651.81
2023-05-16,89.66,91.4,92.12,89.35,109192.76
2023-05-17,91.55,94.84,94.86,91.48,122958.27
2023-05-18,95.6,94.5,95.67,93.73,85700.39
2023-05-19,95.61,96.75,97.81,94.46,129729.56
2023-05-22,97.27,96.61,97.81,95.68,68547.29
2023-05-23,97.74,94.29,97.74,94.1,65368.72
2023-05-24,93.49,95.06,96.58,93.45,57807.05
2023-05-25,95.77,95.94,96.66,94.1,57255.05
2023-05-26,95.94,95.19,97.12,94.55,67584.96
2023-05-29,96.19,96.58,98.73,95.69,93491.99
2023-05-30,96.08,96.62,96.96,94.2,69727.56
2023-05-31,96.62,98.95,99.55,95.84,94777.48
2023-06-01,98.5,98.55,100.0,97.6,74928.3
2023-06-02,98.63,97.74,99.41,96.57,61107.2
2023-06-05,97.46,96.91,99.04,96.57,56155.97
2023-06-06,96.15,94.06,96.19,93.7,89044.53
2023-06-07,94.0,94.47,95.97,93.55,45765.97
2023-06-08,94.89,93.06,94.89,92.05,63719.73
2023-06-09,92.81,95.1,95.1,92.16,83899.29
2023-06-12,94.55,94.73,95.78,94.06,57072.94
2023-06-13,94.77,98.81,99.51,94.44,101766.38
2023-06-14,99.04,99.53,100.02,98.29,66130.65
2023-06-15,100.03,99.01,100.24,97.94,55272.18
2023-06-16,99.25,99.67,99.99,97.75,53722.48
2023-06-19,99.54,102.12,103.24,98.6,101119.46
2023-06-20,101.85,101.9,103.01,101.23,58290.45
2023-06-21,101.21,99.52,101.89,99.05,75457.85
2023-06-26,98.71,99.83,101.19,97.6,66564.31
2023-06-27,100.53,99.05,102.01,98.85,58255.56
2023-06-28,99.05,96.64,99.51,96.25,73805.75
2023-06-29,97.07,97.17,98.43,96.18,53155.03
2023-06-30,96.84,97.11,97.85,96.54,39676.9
2023-07-03,96.37,98.16,98.74,96.19,53672.11
2023-07-04,98.26,102.12,104.99,95.39,147336.79
2023-07-05,102.02,101.92,103.11,101.31,52743.06
2023-07-06,101.53,104.74,105.3,101.03,97724.45
2023-07-07,104.69,104.18,106.47,103.5,90514.26
2023-07-10,104.3,105.99,106.77,104.3,96336.68
2023-07-11,105.98,110.07,110.31,105.59,145003.99
2023-07-12,110.14,106.94,111.73,106.23,117184.61
2023-07-13,106.97,106.77,107.85,105.93,124948.19
2023-07-14,106.28,105.53,107.27,104.67,109255.9
2023-07-17,101.03,101.31,101.72,98.87,186214.81
2023-07-18,101.37,103.14,103.41,101.28,106630.11
2023-07-19,103.13,102.88,104.85,100.98,80763.67
2023-07-20,102.56,100.29,103.41,100.15,58036.2
2023-07-21,100.24,99.67,100.93,99.26,55661.93
2023-07-24,99.1,100.22,100.63,98.65,38684.91
2023-07-25,101.2,101.95,102.3,99.89,71984.07
2023-07-26,101.95,100.5,101.95,100.22,49125.77
2023-07-27,101.25,100.01,102.3,99.45,47865.42
2023-07-28,99.47,100.76,101.03,98.21,66686.02
2023-07-31,100.76,101.7,102.27,100.31,64713.28
2023-08-01,101.72,102.64,103.06,101.15,46512.83
2023-08-02,102.37,104.7,105.42,101.98,94101.16
2023-08-03,104.42,106.19,106.68,103.27,67148.69
2023-08-04,107.04,102.29,108.04,102.09,91460.36
2023-08-07,101.9,103.56,103.66,101.6,42000.91
2023-08-08,103.23,103.48,104.77,103.09,36781.34
2023-08-09,102.74,102.72,104.21,102.13,36036.37
2023-08-10,102.72,102.47,103.68,101.78,25346.74
2023-08-11,102.5,99.9,102.89,99.89,47376.8
2023-08-14,99.12,99.12,99.76,97.93,44537.97
2023-08-15,99.12,91.35,99.22,89.21,225304.82
2023-08-16,90.0,87.28,91.58,86.61,162005.77
2023-08-17,87.72,87.23,88.56,86.73,99606.42
2023-08-18,87.8,87.45,88.35,85.45,80490.74
2023-08-21,86.51,86.35,87.45,85.8,56723.38
2023-08-22,87.21,89.22,90.4,86.27,87864.6
2023-08-23,89.22,87.83,89.62,87.8,51235.91
2023-08-24,88.14,88.1,89.18,87.52,51368.09
2023-08-25,87.09,88.4,89.2,86.58,57805.99
2023-08-28,94.16,87.42,94.16,86.73,91518.26
2023-08-29,86.98,89.45,90.19,86.95,80064.16
2023-08-30,90.96,90.9,92.13,90.2,84496.65
2023-08-31,90.76,91.21,91.91,90.1,47613.77
2023-09-01,91.57,89.58,91.7,88.89,41202.23
2023-09-04,90.52,91.64,91.65,89.51,52544.53
2023-09-05,92.18,91.97,92.83,91.21,50047.96
2023-09-06,91.52,93.23,93.37,91.19,56643.2
2023-09-07,92.98,92.33,93.55,92.18,47475.03
2023-09-08,92.18,91.55,92.67,91.38,29575.36
2023-09-11,91.01,92.18,92.91,91.01,36705.19
2023-09-12,92.18,92.13,92.67,90.99,23665.37
2023-09-13,91.69,92.76,93.46,91.55,57075.65
2023-09-14,92.74,90.68,93.23,89.92,45351.58
2023-09-15,90.68,92.64,92.81,88.98,70492.84
2023-09-18,92.58,93.97,94.14,91.69,78717.99
2023-09-19,95.16,95.16,95.65,93.34,84582.35
2023-09-20,96.03,92.76,96.04,92.72,48655.4
2023-09-21,93.1,91.19,93.3,91.19,42287.77
2023-09-22,91.4,95.34,95.95,90.9,71300.79
2023-09-25,95.95,94.07,95.95,93.88,60892.64
2023-09-26,93.87,92.71,94.51,92.35,41770.33
2023-09-27,92.36,92.16,94.07,91.9,45768.24
2023-09-28,92.18,92.24,93.28,91.79,45679.18
2023-10-09,92.25,94.51,95.54,92.18,65866.79
2023-10-10,94.51,97.63,98.66,94.16,87372.22
2023-10-11,98.13,100.6,100.91,97.23,133423.08
2023-10-12,100.6,101.01,101.95,99.62,90800.67
2023-10-13,100.32,102.04,103.09,100.13,98098.81
2023-10-16,102.04,99.34,103.07,99.26,86500.33
2023-10-17,99.8,100.22,100.83,98.64,60350.74
2023-10-18,100.1,100.2,101.31,98.93,68045.77
2023-10-19,100.11,99.62,101.3,99.51,60780.39
2023-10-20,99.29,98.06,99.62,97.96,79040.94
2023-10-23,98.64,98.23,99.62,97.02,62666.14
2023-10-24,99.12,99.15,99.49,96.84,82052.62
2023-10-25,99.15,101.26,101.99,97.87,96110.13
2023-10-26,101.1,98.48,102.09,98.14,99857.04
2023-10-27,98.05,101.6,102.0,98.03,101796.41
2023-10-30,107.55,110.12,111.69,107.16,337771.58
2023-10-31,111.81,109.34,113.88,108.44,174062.2
2023-11-01,108.21,105.03,108.86,104.97,166527.44
2023-11-02,104.2,104.06,107.3,103.58,185455.66
2023-11-03,104.08,105.45,106.53,104.06,209585.47
2023-11-06,107.63,110.07,112.7,107.63,295500.3
2023-11-07,110.02,111.77,114.87,108.8,225361.62
2023-11-08,111.17,110.92,112.4,110.45,134235.46
2023-11-09,110.89,109.44,111.04,108.93,107985.53
2023-11-10,109.03,108.64,110.02,108.04,53188.79
2023-11-13,108.64,107.24,110.01,106.82,83581.95
2023-11-14,106.88,107.25,108.57,106.56,59423.55
2023-11-15,109.51,108.02,109.55,107.38,63487.55
2023-11-16,107.66,105.66,108.04,105.61,62091.33
2023-11-17,105.46,106.06,107.15,105.17,50183.02
2023-11-20,105.84,103.21,106.04,102.58,119499.34
2023-11-21,103.21,102.88,103.95,102.22,77956.43
2023-11-22,102.05,102.92,103.56,101.83,93682.27
2023-11-23,102.99,102.77,103.92,102.28,73437.69
2023-11-24,102.4,102.64,103.58,102.1,78512.05
2023-11-27,101.53,106.72,107.05,101.25,108814.41
2023-11-28,105.54,103.46,105.54,100.44,151029.27
2023-11-29,107.05,107.27,108.04,106.26,153626.77
2023-11-30,106.69,107.29,107.99,105.51,70234.39
2023-12-01,106.96,108.54,109.0,105.29,83316.93
2023-12-04,108.83,107.53,108.88,106.73,60167.0
2023-12-05,106.79,104.27,106.85,104.08,77474.26
2023-12-06,104.16,103.58,104.66,103.15,61602.58
2023-12-07,103.24,102.39,103.44,101.87,73108.43
2023-12-08,102.79,106.36,106.36,101.28,159176.12
2023-12-11,103.58,105.98,106.26,101.72,94619.68
2023-12-12,105.68,106.65,107.91,103.78,59838.35
2023-12-13,106.63,106.87,109.01,105.94,65629.06
2023-12-14,106.87,107.46,108.74,106.24,63333.55
2023-12-15,107.99,107.58,109.78,106.65,61958.54
2023-12-18,106.97,105.38,107.44,104.75,50985.23
2023-12-19,105.14,107.33,108.32,104.67,46593.57
2023-12-20,108.04,107.37,108.32,106.36,41781.41
2023-12-21,107.05,107.77,108.35,105.86,51397.7
2023-12-22,108.09,107.73,108.42,106.08,43153.46
2023-12-25,107.05,108.4,108.62,106.44,32049.13
2023-12-26,108.59,105.53,108.59,104.8,56379.67
2023-12-27,104.67,106.11,106.69,104.4,54001.1
2023-12-28,106.21,107.89,109.03,105.77,78481.54
2023-12-29,108.07,105.77,108.64,105.33,97504.62
2024-01-02,105.76,102.09,106.05,102.09,84470.82
2024-01-03,101.1,98.06,101.95,97.88,107648.0
2024-01-04,98.31,97.31,98.52,95.65,66615.78
2024-01-05,96.94,96.8,99.38,96.05,69403.16
2024-01-08,95.65,93.48,97.13,93.16,83234.31
2024-01-09,94.16,94.16,95.25,92.91,72868.89
2024-01-10,93.88,92.75,94.44,92.38,52156.33
2024-01-11,92.18,93.67,94.04,92.17,61708.57
2024-01-12,93.08,93.56,94.51,92.85,52202.03
2024-01-15,92.18,92.65,94.16,91.7,71256.23
2024-01-16,92.38,89.15,92.68,88.23,158859.96
2024-01-17,89.01,88.12,89.68,88.07,82599.38
2024-01-18,87.23,90.83,91.01,87.03,114656.55
2024-01-19,90.83,89.96,91.66,88.32,97908.65
2024-01-22,89.96,88.47,90.35,86.52,100693.92
2024-01-23,87.56,86.48,87.62,85.9,92974.82
2024-01-24,87.5,88.51,89.11,86.25,108988.96
2024-01-25,88.74,91.79,92.06,87.87,124981.3
2024-01-26,90.7,89.26,91.79,88.72,117828.17
2024-01-29,89.21,88.36,90.7,88.22,83004.78
2024-01-30,87.25,87.13,89.6,86.54,90821.9
2024-01-31,87.01,85.49,87.62,84.51,88417.36
2024-02-01,85.05,83.56,85.07,82.15,124904.98
2024-02-02,83.56,79.2,84.05,76.51,132241.86
2024-02-05,79.1,78.52,79.78,75.27,128211.85
2024-02-06,78.52,83.34,83.51,77.31,116405.52
2024-02-07,84.07,85.11,85.84,82.72,106688.15
2024-02-08,81.78,86.42,86.5,81.77,115405.23
2024-02-19,88.12,84.9,88.12,83.47,98724.8
2024-02-20,84.24,83.84,84.43,81.09,94081.07
2024-02-21,82.96,84.51,85.83,82.16,100823.17
2024-02-22,84.04,86.3,86.79,83.96,75955.88
2024-02-23,86.54,86.5,87.33,85.24,64186.36
2024-02-26,86.84,87.33,88.66,86.37,66845.91
2024-02-27,86.73,89.56,89.61,85.8,103444.6
2024-02-28,89.41,86.93,91.64,86.83,104121.96
2024-02-29,86.24,95.16,95.16,86.12,181965.04
2024-03-01,95.16,93.21,95.49,92.26,176891.3
2024-03-04,93.97,93.33,95.61,91.79,131366.82
2024-03-05,93.67,95.16,97.58,93.2,174123.94
2024-03-06,94.22,93.43,95.25,91.57,114021.29
2024-03-07,93.37,91.6,94.61,91.29,81230.91
2024-03-08,91.69,93.09,93.37,90.77,62427.61
2024-03-11,92.64,94.44,94.76,91.99,83753.2
2024-03-12,94.45,95.35,97.54,93.68,104765.47
2024-03-13,95.68,95.2,96.9,94.86,142775.27
2024-03-14,94.48,92.88,95.04,92.08,105216.92
2024-03-15,92.6,92.98,93.37,91.9,96835.57
2024-03-18,93.73,99.17,99.72,93.73,195565.11
2024-03-19,98.59,99.92,102.44,98.33,173550.72
2024-03-20,99.02,99.2,100.67,97.44,100960.74
2024-03-21,99.72,98.79,101.25,98.5,75893.65
2024-03-22,98.63,97.88,99.91,97.51,91292.25
2024-03-25,99.11,96.49,99.52,96.38,90302.52
2024-03-26,97.5,95.97,98.0,95.53,79136.75
2024-03-27,95.97,96.55,98.63,95.65,99180.66
2024-03-28,96.05,97.63,100.89,95.93,118030.16
2024-03-29,97.7,97.54,98.44,94.76,65153.59
2024-04-01,99.02,99.67,100.37,97.04,77633.06
2024-04-02,99.67,96.54,99.91,95.99,88933.47
2024-04-03,96.49,96.12,98.43,94.45,86141.41
2024-04-08,95.78,93.67,96.64,93.61,79235.81
2024-04-09,94.16,94.36,94.61,93.05,51971.33
2024-04-10,94.26,94.81,95.13,92.48,78053.81
2024-04-11,94.78,95.6,97.24,93.77,76182.3
2024-04-12,95.28,94.19,96.63,94.06,57272.88
2024-04-15,93.67,95.44,96.25,93.37,66501.82
2024-04-16,95.16,93.39,96.05,93.3,52883.38
2024-04-17,94.16,98.23,98.63,93.87,99449.21
2024-04-18,98.55,96.97,99.11,96.92,70179.81
2024-04-19,95.16,92.49,96.05,87.44,157059.55
2024-04-22,91.19,93.69,94.05,90.03,87647.88
2024-04-23,93.67,92.46,94.49,91.33,51050.25
2024-04-24,92.51,91.98,93.14,90.62,61799.39
2024-04-25,91.98,93.05,93.67,90.75,65179.83
2024-04-26,92.21,95.86,95.86,92.21,88765.85
2024-04-29,100.9,101.73,101.96,99.32,157619.02
2024-04-30,101.42,100.71,102.69,100.18,101234.46
2024-05-06,102.09,102.12,104.77,100.83,141600.01
2024-05-07,102.08,103.03,104.57,101.38,82202.56
2024-05-08,103.43,102.02,103.68,101.8,57253.74
2024-05-09,102.02,102.48,103.05,100.63,59704.07
2024-05-10,103.41,102.69,105.18,102.21,80358.75
2024-05-13,102.19,102.86,104.32,101.11,60876.17
2024-05-14,102.67,103.69,104.33,102.59,53893.38
2024-05-15,102.89,101.33,104.57,101.3,54632.87
2024-05-16,101.33,99.31,102.08,99.02,101283.94
2024-05-17,99.27,98.55,99.62,97.48,80348.72
2024-05-20,97.96,97.21,98.53,96.8,72411.0
2024-05-21,96.9,97.97,98.36,96.65,62582.09
2024-05-22,97.93,97.14,98.05,96.04,59514.48
2024-05-23,97.13,95.16,97.34,94.76,98307.96
2024-05-24,95.15,92.77,95.15,92.68,68463.94
2024-05-27,92.88,93.17,93.61,90.94,88009.13
2024-05-28,93.19,92.58,94.21,91.94,92245.89
2024-05-29,92.49,92.52,93.38,91.8,68071.1
2024-05-30,92.13,94.23,94.58,91.19,125591.75
2024-05-31,94.16,93.2,94.42,92.98,77806.44
2024-06-03,93.25,95.7,95.9,93.1,114522.98
2024-06-04,95.19,96.44,96.69,94.77,78041.23
2024-06-05,96.55,99.54,100.1,96.34,113481.33
2024-06-06,100.8,99.3,101.09,99.02,83130.78
2024-06-07,99.42,99.26,100.98,98.42,71209.44
2024-06-11,98.67,99.11,100.28,98.43,101862.7
2024-06-12,99.34,99.72,101.77,98.97,135835.01
2024-06-13,99.8,101.4,103.28,99.8,155655.07
2024-06-14,101.22,101.59,103.55,100.64,194124.02
2024-06-17,102.25,103.07,103.74,101.6,129016.52
2024-06-18,103.39,103.88,104.97,102.75,128370.83
2024-06-19,103.86,102.56,104.03,101.8,109181.43
2024-06-20,102.49,102.29,103.74,101.35,99052.09
2024-06-21,101.4,102.99,102.99,100.04,119080.22
2024-06-24,102.98,102.25,103.86,101.7,86068.61
2024-06-25,101.81,99.01,101.97,98.02,88900.38
2024-06-26,99.54,99.27,99.75,97.14,88712.3
2024-06-27,98.8,98.21,100.88,98.03,85969.3
2024-06-28,98.05,98.5,99.78,97.88,103788.87
2024-07-01,98.13,98.15,99.27,96.49,54705.84
2024-07-02,97.56,95.93,98.31,95.75,66596.73
2024-07-03,96.13,96.6,97.62,95.02,56110.78
2024-07-04,96.5,97.01,99.4,96.19,85012.55
2024-07-05,96.89,96.82,97.19,94.31,67773.52
2024-07-08,103.09,100.7,103.09,99.75,197932.38
2024-07-09,100.41,102.74,102.75,99.7,180456.68
2024-07-10,101.9,103.52,103.97,101.19,142198.91
2024-07-11,104.53,104.31,105.94,102.87,150568.43
2024-07-12,103.58,107.92,109.03,102.88,173520.05
2024-07-15,107.91,107.72,110.38,106.26,114281.72
2024-07-16,107.25,109.48,110.2,107.05,130029.49
2024-07-17,109.53,108.41,110.52,108.38,103335.92
2024-07-18,106.07,108.04,108.41,104.97,135407.42
2024-07-19,107.04,110.12,110.97,106.7,139957.69
2024-07-22,110.0,108.75,110.18,107.9,108346.31
2024-07-23,108.59,103.91,108.71,103.7,110650.9
2024-07-24,103.9,102.25,105.45,101.78,92468.98
2024-07-25,102.18,102.09,102.97,100.67,71122.49
2024-07-26,102.09,103.02,103.37,101.11,63715.13
2024-07-29,102.59,100.82,103.97,100.56,82453.25
2024-07-30,100.58,99.81,100.76,98.85,80599.8
2024-07-31,99.52,102.06,102.68,98.92,107998.99
2024-08-01,102.6,101.0,102.87,99.65,119130.63
2024-08-02,99.12,98.14,100.46,97.85,101942.05
2024-08-05,97.14,93.76,98.28,93.76,160622.5
2024-08-06,95.16,94.1,95.65,92.51,117463.52
2024-08-07,94.05,91.74,94.09,91.72,94536.08
2024-08-08,91.19,91.24,92.66,89.8,100707.31
2024-08-09,92.68,91.36,92.92,91.27,92524.93
2024-08-12,91.22,91.52,91.69,90.36,59290.33
2024-08-13,91.72,92.72,92.72,91.36,76913.39
2024-08-14,93.12,92.47,93.51,92.13,92632.89
2024-08-15,92.47,92.08,93.81,91.43,102779.24
2024-08-16,91.79,90.79,91.79,90.59,81228.2
2024-08-19,90.44,89.05,91.18,88.56,115176.46
2024-08-20,90.47,91.61,93.37,88.9,186618.26
2024-08-21,91.23,92.28,92.92,90.14,126109.5
2024-08-22,92.28,90.49,92.28,89.53,105884.27
2024-08-23,89.89,89.82,90.54,89.16,66346.86
2024-08-26,89.83,88.45,90.24,87.57,94057.46
2024-08-27,87.37,86.65,88.31,86.29,100287.67
2024-08-28,86.37,87.26,87.5,85.38,73851.71
2024-08-29,87.16,86.93,88.04,85.8,80331.17
2024-08-30,86.83,89.87,90.49,86.67,139717.47
2024-09-02,89.64,85.77,89.64,85.77,113612.55
2024-09-03,85.67,86.92,87.61,85.51,75260.32
2024-09-04,85.19,86.0,86.42,84.38,54707.68
2024-09-05,85.97,86.71,86.81,84.89,63359.76
2024-09-06,86.55,84.89,86.73,84.86,59051.8
2024-09-09,84.38,85.62,86.24,84.26,64729.96
2024-09-10,85.09,85.61,86.04,84.07,61488.68
2024-09-11,85.09,85.57,85.92,84.87,41945.76
2024-09-12,85.91,84.22,86.6,84.19,61407.47
2024-09-13,84.28,83.76,84.93,83.39,54560.25
2024-09-18,84.07,84.35,84.78,82.83,51776.99
2024-09-19,84.88,85.87,87.03,84.36,87656.95
2024-09-20,85.86,83.87,85.87,82.99,104025.05
2024-09-23,83.4,82.1,84.31,82.1,80546.57
2024-09-24,82.6,84.46,84.92,80.82,164800.88
2024-09-25,85.38,86.31,88.67,85.08,159552.84
2024-09-26,86.27,89.72,89.75,85.77,144237.81
2024-09-27,91.19,97.3,97.49,91.03,92398.18
2024-09-30,102.75,106.42,106.42,99.31,365466.05
2024-10-08,117.06,117.06,117.06,111.99,479915.68
2024-10-09,114.73,114.64,123.1,109.2,542696.97
2024-10-10,122.45,114.56,122.45,114.16,460226.84
2024-10-11,112.18,111.14,113.67,106.88,304764.26
2024-10-14,111.12,109.87,111.13,104.89,361084.13
2024-10-15,110.69,108.49,113.84,108.44,296116.61
2024-10-16,104.63,104.88,107.23,104.25,231541.81
2024-10-17,105.74,102.92,106.72,102.89,226709.01
2024-10-18,102.91,109.4,112.13,101.83,402394.75
2024-10-21,112.28,112.85,116.6,110.91,438211.69
2024-10-22,112.68,112.35,114.43,110.99,229446.73
2024-10-23,112.48,110.73,112.78,110.45,205958.17
2024-10-24,109.99,109.2,110.48,108.31,152483.37
2024-10-25,109.7,110.97,112.06,107.72,200032.66
2024-10-28,111.68,110.14,111.68,109.0,180855.01
2024-10-29,110.14,108.55,112.75,108.49,243649.56
2024-10-30,107.78,106.64,109.1,105.84,174548.42
2024-10-31,106.64,106.52,107.58,104.32,237959.91
2024-11-01,106.33,104.16,107.1,103.98,172568.9
2024-11-04,104.04,106.13,106.56,103.99,162187.32
2024-11-05,106.22,109.82,110.85,105.74,322012.54
2024-11-06,110.82,109.19,111.47,108.09,279091.32
2024-11-07,108.2,111.14,111.36,107.81,246819.57
2024-11-08,112.97,110.85,114.11,110.59,322848.11
2024-11-11,110.87,115.17,115.8,110.87,427696.3
2024-11-12,116.15,114.4,118.29,113.13,379344.31
2024-11-13,113.17,112.72,114.07,110.87,249549.04
2024-11-14,112.72,109.53,113.16,109.2,227798.38
2024-11-15,109.21,106.85,110.84,106.37,205440.15
2024-11-18,106.85,104.19,107.64,103.24,193954.27
2024-11-19,104.19,105.56,106.02,102.25,182227.3
2024-11-20,105.23,105.09,105.83,104.0,143696.15
2024-11-21,105.09,104.16,105.43,103.47,134393.45
2024-11-22,104.27,98.8,105.56,98.28,256484.5
2024-11-25,98.83,96.32,99.42,95.1,191941.14
2024-11-26,96.2,95.65,97.09,95.28,136170.95
2024-11-27,95.28,97.77,97.78,94.15,162504.76
2024-11-28,97.94,96.49,98.77,96.3,131428.22
2024-11-29,95.99,97.92,99.45,95.55,152833.19
2024-12-02,98.07,100.27,100.86,97.68,170484.39
2024-12-03,100.36,98.06,100.36,97.07,159959.75
2024-12-04,99.83,97.63,100.25,97.34,154511.27
2024-12-05,97.29,97.01,97.55,96.49,103499.66
2024-12-06,97.09,98.63,99.25,96.69,137913.76
2024-12-09,98.63,97.82,98.8,97.13,98854.04
2024-12-10,100.79,98.17,101.25,97.83,169157.3
2024-12-11,98.26,99.22,100.09,98.26,120123.82
2024-12-12,99.22,99.43,99.88,97.99,136199.43
2024-12-13,98.98,97.94,99.39,97.39,169310.33
2024-12-16,98.27,96.9,100.91,96.52,202768.3
2024-12-17,96.3,96.79,98.0,96.19,126759.44
2024-12-18,96.99,100.53,101.6,96.49,234428.23
2024-12-19,98.75,102.73,103.31,98.51,249901.45
2024-12-20,102.74,103.47,105.94,102.53,269912.5
2024-12-23,103.44,101.36,104.74,101.15,191378.48
2024-12-24,101.58,102.25,102.25,100.05,123114.82
2024-12-25,102.36,100.76,103.95,100.29,159187.12
2024-12-26,100.77,105.46,106.71,99.71,296258.79
2024-12-27,105.35,105.15,107.56,104.8,232282.33
2024-12-30,105.17,107.43,109.23,105.16,282979.63
2024-12-31,107.1,103.86,107.93,103.8,192749.58
2025-01-02,103.85,100.05,104.38,98.47,209140.25
2025-01-03,100.42,97.98,100.74,97.6,159312.69
2025-01-06,98.36,97.63,100.26,97.29,130612.96
2025-01-07,98.08,101.39,101.76,97.77,196503.84
2025-01-08,100.88,100.1,101.37,97.5,180101.36
2025-01-09,99.48,99.44,101.33,99.16,117006.06
2025-01-10,99.44,100.02,103.56,98.5,220276.75
2025-01-13,98.16,99.23,99.95,97.72,137251.84
2025-01-14,99.26,104.2,104.2,97.05,223113.29
2025-01-15,104.09,102.02,104.09,101.72,140222.82
2025-01-16,102.58,101.28,104.53,100.77,164130.9
2025-01-17,100.47,102.1,103.51,100.15,153207.3
2025-01-20,102.96,104.31,105.1,102.47,181878.84
2025-01-21,104.62,106.09,106.43,103.54,194999.02
2025-01-22,107.93,107.7,109.92,106.14,331306.17
2025-01-23,108.87,105.8,109.14,105.79,226433.72
2025-01-24,105.48,106.8,107.12,105.37,157224.33
2025-01-27,107.27,104.96,107.72,104.95,131689.42
2025-02-05,107.29,110.01,110.42,105.35,282830.21
2025-02-06,109.34,112.96,112.96,108.43,293414.34
2025-02-07,114.38,116.49,119.94,114.28,509966.34
2025-02-10,116.75,117.72,119.15,116.3,283176.43
2025-02-11,119.47,122.36,122.74,119.17,361313.69
2025-02-12,121.61,134.59,134.59,120.87,471438.94
2025-02-13,138.27,135.34,140.91,134.88,586633.19
2025-02-14,133.3,135.21,137.58,130.32,426830.56
2025-02-17,135.3,135.49,138.23,131.57,420848.31
2025-02-18,139.27,142.85,148.88,136.88,720953.33
2025-02-19,144.24,157.13,157.13,142.85,605909.26
2025-02-20,160.16,152.19,161.11,150.91,649641.29
2025-02-21,152.15,157.15,159.66,150.41,526616.21
2025-02-24,154.63,149.22,154.63,147.68,548579.13
2025-02-25,145.24,146.43,150.1,144.74,398233.95
2025-02-26,146.74,147.71,149.14,143.22,405635.67
2025-02-27,147.23,147.13,149.22,143.86,324388.67
2025-02-28,145.24,141.06,147.22,140.5,373078.75
2025-03-03,142.25,141.93,145.45,139.86,280594.77
2025-03-04,139.48,142.65,144.04,139.27,273460.31
2025-03-05,141.5,144.32,146.43,141.49,230947.67
2025-03-06,145.84,146.28,148.1,145.44,318187.97
2025-03-07,145.24,144.15,146.64,143.54,218979.99
2025-03-10,144.11,144.3,144.74,142.35,163140.89
2025-03-11,141.32,141.75,143.6,139.57,203977.57
2025-03-12,142.75,140.14,143.25,140.02,181308.12
2025-03-13,139.27,136.48,139.28,135.2,257476.41
2025-03-14,136.0,138.95,139.75,135.94,209751.27
2025-03-17,140.26,139.53,141.32,138.95,122981.51
2025-03-18,140.46,139.94,141.46,138.37,123423.7
2025-03-19,139.45,139.37,139.94,137.87,96906.57
2025-03-20,139.35,137.24,139.35,137.07,112266.27
2025-03-21,137.58,135.29,137.93,133.98,134740.68
2025-03-24,135.28,135.49,136.82,133.3,109962.73
2025-03-25,135.75,133.29,135.75,133.0,96412.25
2025-03-26,133.29,132.9,134.07,132.68,76705.72
2025-03-27,132.63,133.37,135.93,132.42,139057.37
2025-03-28,133.36,132.7,135.56,132.61,100786.02
2025-03-31,132.67,132.03,134.16,130.31,119017.74
2025-04-01,132.6,132.96,133.85,131.31,92346.85
2025-04-02,132.8,133.26,134.75,132.6,85409.57
2025-04-03,131.32,129.51,133.3,129.1,135813.84
2025-04-07,118.87,116.56,122.66,116.56,232284.91
2025-04-08,118.38,114.55,118.52,112.32,306585.01
2025-04-09,112.41,119.06,121.84,110.92,316322.65
2025-04-10,123.07,122.36,124.36,120.68,203044.85
2025-04-11,122.37,128.33,130.44,122.06,251200.82
2025-04-14,129.33,125.96,130.29,125.34,198239.79
2025-04-15,125.34,123.11,125.34,121.46,147237.17
2025-04-16,125.23,123.57,125.32,121.4,141487.85
2025-04-17,123.15,121.76,123.82,121.39,132610.56
2025-04-18,121.35,121.64,122.34,120.55,73341.04
2025-04-21,122.36,124.08,124.53,121.86,111915.56
2025-04-22,123.65,122.11,123.65,121.89,108975.23
2025-04-23,122.21,123.17,124.35,121.92,108284.77
2025-04-24,123.23,121.06,123.24,120.52,84718.72
2025-04-25,121.94,121.22,122.36,120.81,95001.57
2025-04-28,121.15,121.64,122.41,120.59,97687.77
2025-04-29,121.7,127.74,128.52,120.88,245526.33
2025-04-30,129.3,130.89,132.56,127.87,256107.89
2025-05-06,132.3,134.49,134.62,131.53,176342.97
2025-05-07,136.38,131.06,136.57,130.17,210169.9
2025-05-08,131.06,130.67,131.67,130.3,101797.29
2025-05-09,130.12,130.06,131.21,129.32,108537.36
2025-05-12,131.61,131.23,133.18,130.32,117450.13
2025-05-13,132.15,130.56,132.59,130.08,104477.11
2025-05-14,130.91,131.66,132.57,130.31,119136.12
2025-05-15,131.56,127.37,131.56,127.33,119502.09
2025-05-16,126.86,128.08,128.21,126.64,68618.19
2025-05-19,128.09,127.55,128.31,125.94,71262.81
2025-05-20,127.88,130.96,131.31,127.61,138801.1
2025-05-21,130.1,130.05,130.43,128.28,78356.6
2025-05-22,129.62,132.45,134.14,129.02,171690.6
2025-05-23,132.11,129.51,132.39,129.44,98118.02
2025-05-26,127.33,128.15,128.68,126.04,95444.36
2025-05-27,127.82,126.21,128.12,126.16,62088.22
2025-05-28,126.34,125.79,126.99,125.46,68146.64
2025-05-29,126.33,127.48,128.55,125.44,80493.75
2025-05-30,126.99,123.95,126.99,123.95,81997.42
2025-06-03,122.37,123.95,125.69,122.37,71566.91
2025-06-04,124.01,127.47,127.57,123.68,108295.57
2025-06-05,127.48,131.91,132.18,126.93,129060.52
2025-06-06,132.06,131.71,133.4,131.17,99298.38
2025-06-09,131.79,129.32,132.01,129.2,93319.44
2025-06-10,129.12,126.05,129.62,125.47,98486.12
2025-06-11,126.06,126.37,128.55,126.06,71138.52
2025-06-12,125.84,124.94,126.36,124.94,79895.14
2025-06-13,124.84,123.86,126.79,123.53,99962.01
2025-06-16,123.53,125.24,125.24,123.01,60312.82
2025-06-17,126.14,124.35,127.99,123.93,97227.82
2025-06-18,123.9,125.12,126.29,123.15,74345.8
2025-06-19,125.34,125.66,128.04,124.83,121354.74
2025-06-20,125.4,123.95,126.34,123.59,72877.0
2025-06-23,122.73,123.17,124.89,121.74,87783.31
2025-06-24,123.52,125.55,126.14,123.52,108791.45
2025-06-25,126.23,127.88,128.06,124.84,138579.02
2025-06-26,127.53,125.64,127.77,125.64,108962.38
2025-06-27,126.34,127.05,128.71,125.24,125327.71
2025-06-30,127.47,126.98,128.11,126.83,95686.47
2025-07-01,126.99,127.01,127.53,125.86,82105.28
2025-07-02,126.34,123.98,126.34,123.38,126971.68
2025-07-03,123.98,124.6,125.13,123.75,76480.99
2025-07-04,124.6,123.35,124.73,122.46,129270.3
2025-07-07,123.35,122.54,123.85,122.39,68816.63
2025-07-08,122.56,124.63,125.0,122.56,98455.09
2025-07-09,124.91,122.85,124.93,122.85,84627.4
2025-07-10,123.01,122.75,123.89,122.56,102215.13
2025-07-11,122.75,123.13,124.82,122.05,127952.11
2025-07-14,123.41,123.15,123.75,122.56,66057.26
2025-07-15,123.15,122.26,123.62,120.96,126217.8
2025-07-16,122.39,122.14,124.23,121.76,110516.03
2025-07-17,122.07,121.85,122.26,121.24,115587.96
2025-07-18,122.16,125.05,127.82,122.08,259935.87
2025-07-21,124.35,124.45,125.48,123.89,111617.9
2025-07-22,124.35,124.5,125.46,123.45,102077.54
2025-07-23,124.35,124.26,125.34,123.85,112612.72
2025-07-24,124.26,125.13,125.51,123.64,134218.14
2025-07-25,125.4,126.02,127.08,123.85,164248.7
2025-07-28,126.34,124.55,126.81,124.45,153248.64
2025-07-29,124.47,124.44,124.67,123.25,141787.71
2025-07-30,124.2,123.28,126.13,122.74,163180.89
2025-07-31,122.84,120.65,124.13,120.37,219719.17
2025-08-01,120.39,118.91,121.43,118.46,131200.88
2025-08-04,118.1,118.99,119.14,117.9,94769.3
2025-08-05,121.58,121.06,122.16,119.68,160504.92
2025-08-06,120.74,120.81,120.99,120.01,107169.66
2025-08-07,121.09,120.48,121.79,120.19,123891.19
2025-08-08,120.61,118.82,120.68,118.59,128160.02
2025-08-11,118.82,119.49,119.71,118.4,111005.35
2025-08-12,119.49,120.15,120.58,119.04,171989.24
2025-08-13,120.44,123.77,124.35,119.93,324988.39
2025-08-14,124.07,122.42,125.87,122.39,245406.67
2025-08-15,121.59,123.36,123.96,121.33,187528.89
2025-08-18,123.8,127.97,131.73,122.93,452483.36
2025-08-19,128.06,125.3,129.24,125.09,258218.2
2025-08-20,124.69,128.76,128.76,124.68,289719.93
2025-08-21,129.85,129.39,132.35,128.66,328324.82
2025-08-22,129.65,136.36,136.79,129.65,479189.17
2025-08-25,138.05,136.61,142.5,134.25,487882.88
2025-08-26,136.21,142.11,143.9,134.43,453870.67
2025-08-27,145.49,138.86,146.43,138.82,481038.53
2025-08-28,138.7,142.4,142.51,137.3,445259.63
2025-08-29,142.4,142.74,143.26,138.14,324861.55
2025-09-01,145.0,144.7,147.49,141.89,359543.55
2025-09-02,144.21,137.43,144.68,136.38,371012.48
2025-09-03,138.02,135.54,139.62,134.51,275444.87
2025-09-04,135.54,128.2,136.28,126.23,384942.02
2025-09-05,128.46,131.55,131.99,127.68,251287.81
2025-09-08,132.16,135.48,137.21,131.95,254624.87
2025-09-09,134.13,131.25,134.13,130.73,187677.2
2025-09-10,131.6,130.76,132.91,129.56,187801.77
2025-09-11,129.84,134.54,134.54,129.24,263767.91
2025-09-12,134.14,135.54,137.31,133.32,278204.05
2025-09-15,140.72,138.09,141.52,136.53,339317.98
2025-09-16,137.53,140.67,143.81,137.3,296899.91
2025-09-17,143.49,142.47,144.86,141.53,298609.94
2025-09-18,142.51,143.76,149.49,140.8,562996.56
2025-09-19,143.76,142.01,146.92,141.93,313504.97
2025-09-22,143.0,145.81,145.96,140.99,316983.12
2025-09-23,145.08,142.51,145.68,139.2,324922.82
2025-09-24,141.52,148.09,150.72,141.12,455616.31
2025-09-25,148.14,150.16,152.48,146.2,383613.76
2025-09-26,150.16,150.51,156.96,149.85,408006.82
2025-09-29,150.09,149.44,152.36,147.29,284001.35
2025-09-30,150.76,150.65,152.61,149.68,262042.25
2025-10-09,146.16,149.51,151.88,144.39,471520.8
2025-10-10,146.7,141.34,148.42,140.73,359120.28
2025-10-13,136.03,137.85,139.0,135.44,324448.4
2025-10-14,138.33,131.23,139.18,130.87,317699.81
2025-10-15,130.93,133.43,133.7,129.36,212338.51
2025-10-16,131.75,132.29,134.01,131.05,133122.12
2025-10-17,132.17,126.84,132.17,126.77,202072.11
2025-10-20,128.62,126.77,129.38,125.84,152207.35
2025-10-21,127.26,129.38,129.71,126.92,160003.26
2025-10-22,128.61,128.57,130.35,127.56,116709.81
2025-10-23,127.76,128.86,129.03,126.45,109812.97
2025-10-24,130.16,132.17,132.19,129.44,181559.51
2025-10-27,133.98,132.91,134.49,131.17,205451.6
2025-10-28,132.48,136.11,137.43,132.06,257270.3
2025-10-29,134.38,134.81,134.9,133.04,207916.72
2025-10-30,134.82,131.9,135.42,130.91,212111.47
2025-10-31,130.86,130.26,132.3,130.1,150395.43
2025-11-03,130.27,129.12,130.28,127.06,130052.24
2025-11-04,129.12,126.37,129.12,125.97,128199.75
2025-11-05,123.75,125.52,126.02,123.63,104796.54
2025-11-06,125.7,127.16,127.51,125.4,112960.15
2025-11-07,126.49,125.34,126.49,124.74,94361.49
2025-11-10,125.47,125.67,125.97,124.08,112873.81
2025-11-11,126.37,123.38,126.76,123.38,131801.25
2025-11-12,123.38,123.67,123.74,121.3,96725.01
2025-11-13,123.73,123.85,124.45,123.06,111799.64
2025-11-14,122.38,121.34,123.13,121.3,114169.65
2025-11-17,121.7,120.91,122.49,120.42,80880.38
2025-11-18,120.92,121.88,123.23,120.39,107173.62
2025-11-19,121.88,119.59,122.22,119.34,99181.81
2025-11-20,120.59,118.15,121.09,118.13,90573.26
2025-11-21,116.6,115.52,117.59,115.11,129298.29
2025-11-24,116.62,116.81,117.15,115.32,96532.0
2025-11-25,117.39,117.06,118.79,116.78,107461.18
2025-11-26,116.4,116.91,117.85,115.67,109225.19
2025-11-27,117.26,119.15,121.25,117.0,175393.89
2025-11-28,119.0,119.47,119.8,117.6,95052.05
2025-12-01,120.0,121.3,121.31,119.02,112209.24
2025-12-02,121.7,121.08,123.4,120.48,120435.68
2025-12-03,121.1,119.15,121.1,118.61,98927.47
2025-12-04,119.02,119.5,119.85,117.7,71233.35
2025-12-05,119.6,119.98,120.1,118.6,87749.3
2025-12-08,120.02,120.98,121.8,120.02,115214.14
2025-12-09,121.0,120.03,121.5,119.78,88201.55
2025-12-10,121.0,123.7,124.45,121.0,207413.67
2025-12-11,123.98,121.77,124.2,121.66,115252.22
2025-12-12,121.77,126.52,127.98,121.31,284446.2
2025-12-15,125.45,124.33,126.45,124.29,152762.04
2025-12-16,125.8,124.8,127.0,124.38,139209.65
2025-12-17,124.5,125.74,126.2,123.06,133167.77
2025-12-18,124.99,123.0,125.58,122.8,137133.89
2025-12-19,123.65,124.38,125.6,123.4,110773.49
2025-12-22,124.7,125.7,126.5,124.7,104716.97
2025-12-23,125.71,125.19,126.66,124.86,106731.61
2025-12-24,125.32,126.5,126.9,125.05,109679.13
2025-12-25,126.08,127.13,127.77,125.8,93993.64
2025-12-26,127.18,128.84,129.57,126.6,138775.4
2025-12-29,128.84,126.92,129.43,126.83,146325.59
2025-12-30,126.57,126.8,127.95,126.33,97806.33
2025-12-31,127.03,125.9,127.5,125.83,89263.0
2026-01-05,126.36,128.74,129.1,126.36,153497.61
2026-01-06,128.88,130.9,131.86,128.76,215576.47
2026-01-07,131.82,129.52,132.0,128.82,186773.26
2026-01-08,128.9,131.86,134.17,128.83,203490.39
2026-01-09,131.86,131.52,132.19,130.08,164393.54
2026-01-12,131.53,133.55,135.33,129.58,247981.25
2026-01-13,133.8,128.38,134.66,128.0,261889.85
2026-01-14,128.2,127.71,130.96,127.2,226041.62
2026-01-15,127.62,128.47,128.68,126.21,170897.03
2026-01-16,129.52,130.83,132.3,129.0,232566.59
2026-01-19,130.83,128.92,131.7,128.7,160670.34
2026-01-20,129.1,128.99,132.15,128.65,181861.64
2026-01-21,128.06,130.42,131.75,128.0,226201.07
2026-01-22,131.3,128.84,131.85,128.4,189978.38
2026-01-23,128.85,129.4,130.6,128.17,201734.12
2026-01-26,129.4,124.62,129.74,124.6,273847.96
2026-01-27,124.5,124.86,125.9,122.73,175276.91
2026-01-28,124.8,128.08,130.86,124.7,334870.14
2026-01-29,127.3,122.88,127.88,122.58,300036.09
2026-01-30,122.51,121.2,123.35,120.47,159093.47
2026-02-02,120.58,117.95,121.79,117.7,143666.0
2026-02-03,119.71,118.43,119.88,117.0,137843.29
2026-02-04,117.31,117.29,117.65,115.89,128390.15
2026-02-05,116.48,117.63,117.79,116.21,102510.37
2026-02-06,116.6,115.95,117.0,115.61,127017.51
2026-02-09,117.34,117.01,117.5,116.32,111780.82
2026-02-10,117.04,117.83,118.66,117.02,106079.1
2026-02-11,117.81,117.29,118.2,117.05,76789.91
2026-02-12,117.33,117.05,117.93,116.36,105306.95
2026-02-13,116.56,115.82,117.48,115.8,108490.6
2026-02-24,117.0,117.28,117.76,115.78,114783.33
2026-02-25,117.29,117.84,118.26,116.9,120011.86
2026-02-26,118.1,122.6,123.01,117.43,261921.12
2026-02-27,121.0,123.0,124.2,120.62,174370.21
2026-03-02,120.38,118.93,121.72,118.66,189462.1
2026-03-03,118.68,116.35,121.2,116.0,175361.13
2026-03-04,115.0,113.52,116.7,113.5,164604.35
2026-03-05,115.8,114.17,115.88,113.89,101383.99
2026-03-06,114.17,115.05,115.58,113.71,78387.31
2026-03-09,113.0,112.2,113.01,110.56,136334.83
2026-03-10,113.6,114.08,114.52,113.25,82323.33
2026-03-11,114.0,114.3,114.89,113.71,91605.38
2026-03-12,113.99,112.82,114.59,112.2,83116.07
2026-03-13,112.0,111.73,113.17,111.35,84391.52
2026-03-16,111.74,110.3,111.81,108.41,144036.06
2026-03-17,110.85,108.92,111.4,108.9,100039.73
2026-03-18,109.5,108.28,109.66,106.58,125432.13
2026-03-19,106.69,105.84,106.99,105.28,123788.56
2026-03-20,106.31,103.55,106.62,103.55,116870.1
2026-03-23,100.52,98.62,101.69,98.25,167318.76
2026-03-24,99.95,99.98,100.5,97.76,105459.8
2026-03-25,100.49,102.35,102.78,100.49,111842.47
2026-03-26,101.78,100.0,102.17,99.82,75119.77
2026-03-27,98.57,101.02,101.58,98.57,77569.78
2026-03-30,99.43,100.32,100.78,98.7,74465.32
2026-03-31,98.8,94.96,99.66,94.56,212561.23
2026-04-01,96.84,96.05,97.0,95.0,149991.24
2026-04-02,95.49,91.35,95.49,91.12,245230.77
2026-04-03,92.13,90.15,92.18,89.61,140734.99
2026-04-07,90.23,90.82,91.68,90.21,101230.7
